BusinessEntityID,DepartmentID,ShiftID,StartDate,EndDate,JobTitle,BirthDate,MaritalStatus,Gender,HireDate,SalariedFlag,VacationHours,SickLeaveHours,OrganizationLevel,PersonType,FirstName,LastName,DepartmentName,DepartmentGroup,RateChangeDate,Rate,PayFrequency,ShiftName,ShiftStart,ShiftEnd,AddressID,City,PostalCode,PhoneNumber,PhoneNumberTypeID,PhoneType
1,16,1,1/14/2009,NULL,Chief Executive Officer,1/29/1969,S,M,1/14/2009,1,99,69,NULL,EM,Ken,Sánchez,Executive,Executive General and Administration,1/14/2009,$125.50,2,Day,7:00:00 AM,3:00:00 PM,249,Newport Hills,98006,697-555-0142,1,Cell
2,1,1,1/31/2008,NULL,Vice President of Engineering,8/1/1971,S,F,1/31/2008,1,1,20,1,EM,Terri,Duffy,Engineering,Research and Development,1/31/2008,$63.46,2,Day,7:00:00 AM,3:00:00 PM,293,Renton,98055,819-555-0175,3,Work
3,1,1,11/11/2007,NULL,Engineering Manager,11/12/1974,M,M,11/11/2007,1,2,21,2,EM,Roberto,Tamburello,Engineering,Research and Development,11/11/2007,$43.27,2,Day,7:00:00 AM,3:00:00 PM,224,Redmond,98052,212-555-0187,1,Cell
4,1,1,12/5/2007,5/30/2010,Senior Tool Designer,12/23/1974,S,M,12/5/2007,0,48,80,3,EM,Rob,Walters,Engineering,Research and Development,12/5/2007,$8.62,2,Day,7:00:00 AM,3:00:00 PM,11387,Minneapolis,55402,612-555-0100,1,Cell
4,1,1,12/5/2007,5/30/2010,Senior Tool Designer,12/23/1974,S,M,12/5/2007,0,48,80,3,EM,Rob,Walters,Engineering,Research and Development,5/31/2010,$23.72,2,Day,7:00:00 AM,3:00:00 PM,11387,Minneapolis,55402,612-555-0100,1,Cell
4,1,1,12/5/2007,5/30/2010,Senior Tool Designer,12/23/1974,S,M,12/5/2007,0,48,80,3,EM,Rob,Walters,Engineering,Research and Development,12/15/2011,$29.85,2,Day,7:00:00 AM,3:00:00 PM,11387,Minneapolis,55402,612-555-0100,1,Cell
4,2,1,5/31/2010,NULL,Senior Tool Designer,12/23/1974,S,M,12/5/2007,0,48,80,3,EM,Rob,Walters,Tool Design,Research and Development,12/15/2011,$29.85,2,Day,7:00:00 AM,3:00:00 PM,11387,Minneapolis,55402,612-555-0100,1,Cell
4,2,1,5/31/2010,NULL,Senior Tool Designer,12/23/1974,S,M,12/5/2007,0,48,80,3,EM,Rob,Walters,Tool Design,Research and Development,5/31/2010,$23.72,2,Day,7:00:00 AM,3:00:00 PM,11387,Minneapolis,55402,612-555-0100,1,Cell
4,2,1,5/31/2010,NULL,Senior Tool Designer,12/23/1974,S,M,12/5/2007,0,48,80,3,EM,Rob,Walters,Tool Design,Research and Development,12/5/2007,$8.62,2,Day,7:00:00 AM,3:00:00 PM,11387,Minneapolis,55402,612-555-0100,1,Cell
5,1,1,1/6/2008,NULL,Design Engineer,9/27/1952,M,F,1/6/2008,1,5,22,3,EM,Gail,Erickson,Engineering,Research and Development,1/6/2008,$32.69,2,Day,7:00:00 AM,3:00:00 PM,190,Bellevue,98004,849-555-0139,1,Cell
6,1,1,1/24/2008,NULL,Design Engineer,3/11/1959,M,M,1/24/2008,1,6,23,3,EM,Jossef,Goldberg,Engineering,Research and Development,1/24/2008,$32.69,2,Day,7:00:00 AM,3:00:00 PM,286,Renton,98055,122-555-0189,3,Work
7,6,1,2/8/2009,NULL,Research and Development Manager,2/24/1987,M,M,2/8/2009,1,61,50,3,EM,Dylan,Miller,Research and Development,Research and Development,2/8/2009,$50.48,2,Day,7:00:00 AM,3:00:00 PM,49,Kenmore,98028,181-555-0156,3,Work
8,6,1,12/29/2008,NULL,Research and Development Engineer,6/5/1986,S,F,12/29/2008,1,62,51,4,EM,Diane,Margheim,Research and Development,Research and Development,12/29/2008,$40.87,2,Day,7:00:00 AM,3:00:00 PM,230,Everett,98201,815-555-0138,1,Cell
9,6,1,1/16/2009,NULL,Research and Development Engineer,1/21/1979,M,F,1/16/2009,1,63,51,4,EM,Gigi,Matthew,Research and Development,Research and Development,1/16/2009,$40.87,2,Day,7:00:00 AM,3:00:00 PM,187,Bellevue,98004,185-555-0186,1,Cell
10,6,1,5/3/2009,NULL,Research and Development Manager,11/30/1984,M,M,5/3/2009,1,16,64,4,EM,Michael,Raheem,Research and Development,Research and Development,5/3/2009,$42.48,2,Day,7:00:00 AM,3:00:00 PM,11386,San Francisco,94109,330-555-2568,3,Work
11,2,1,12/5/2010,NULL,Senior Tool Designer,1/17/1978,S,M,12/5/2010,0,7,23,3,EM,Ovidiu,Cracium,Tool Design,Research and Development,12/5/2010,$28.85,2,Day,7:00:00 AM,3:00:00 PM,32505,Kenmore,98028,719-555-0181,1,Cell
12,2,1,12/11/2007,NULL,Tool Designer,7/29/1959,M,M,12/11/2007,0,9,24,4,EM,Thierry,D'Hers,Tool Design,Research and Development,12/11/2007,$25.00,2,Day,7:00:00 AM,3:00:00 PM,1,Bothell,98011,168-555-0183,3,Work
13,2,1,12/23/2010,NULL,Tool Designer,5/28/1989,M,F,12/23/2010,0,8,24,4,EM,Janice,Galvin,Tool Design,Research and Development,12/23/2010,$25.00,2,Day,7:00:00 AM,3:00:00 PM,219,Redmond,98052,473-555-0117,3,Work
14,1,1,12/30/2010,NULL,Senior Design Engineer,6/16/1979,S,M,12/30/2010,1,3,21,3,EM,Michael,Sullivan,Engineering,Research and Development,12/30/2010,$36.06,2,Day,7:00:00 AM,3:00:00 PM,295,Renton,98055,465-555-0156,1,Cell
15,1,1,1/18/2011,NULL,Design Engineer,5/2/1961,M,F,1/18/2011,1,4,22,3,EM,Sharon,Salavaria,Engineering,Research and Development,1/18/2011,$32.69,2,Day,7:00:00 AM,3:00:00 PM,287,Renton,98055,970-555-0138,1,Cell
16,4,1,7/15/2009,NULL,Marketing Manager,3/19/1975,S,M,12/20/2007,1,40,40,1,EM,David,Bradley,Marketing,Sales and Marketing,12/20/2007,$24.00,2,Day,7:00:00 AM,3:00:00 PM,214,Redmond,98052,913-555-0172,3,Work
16,4,1,7/15/2009,NULL,Marketing Manager,3/19/1975,S,M,12/20/2007,1,40,40,1,EM,David,Bradley,Marketing,Sales and Marketing,7/15/2009,$28.75,2,Day,7:00:00 AM,3:00:00 PM,214,Redmond,98052,913-555-0172,3,Work
16,4,1,7/15/2009,NULL,Marketing Manager,3/19/1975,S,M,12/20/2007,1,40,40,1,EM,David,Bradley,Marketing,Sales and Marketing,4/30/2012,$37.50,2,Day,7:00:00 AM,3:00:00 PM,214,Redmond,98052,913-555-0172,3,Work
16,5,1,12/20/2007,7/14/2009,Marketing Manager,3/19/1975,S,M,12/20/2007,1,40,40,1,EM,David,Bradley,Purchasing,Inventory Management,12/20/2007,$24.00,2,Day,7:00:00 AM,3:00:00 PM,214,Redmond,98052,913-555-0172,3,Work
16,5,1,12/20/2007,7/14/2009,Marketing Manager,3/19/1975,S,M,12/20/2007,1,40,40,1,EM,David,Bradley,Purchasing,Inventory Management,7/15/2009,$28.75,2,Day,7:00:00 AM,3:00:00 PM,214,Redmond,98052,913-555-0172,3,Work
16,5,1,12/20/2007,7/14/2009,Marketing Manager,3/19/1975,S,M,12/20/2007,1,40,40,1,EM,David,Bradley,Purchasing,Inventory Management,4/30/2012,$37.50,2,Day,7:00:00 AM,3:00:00 PM,214,Redmond,98052,913-555-0172,3,Work
17,4,1,1/26/2007,NULL,Marketing Assistant,5/3/1987,S,M,1/26/2007,0,42,41,2,EM,Kevin,Brown,Marketing,Sales and Marketing,1/26/2007,$13.46,2,Day,7:00:00 AM,3:00:00 PM,234,Everett,98201,150-555-0189,1,Cell
18,4,1,2/7/2011,NULL,Marketing Specialist,3/6/1978,S,M,2/7/2011,0,48,44,2,EM,John,Wood,Marketing,Sales and Marketing,2/7/2011,$14.42,2,Day,7:00:00 AM,3:00:00 PM,209,Redmond,98052,486-555-0150,3,Work
19,4,1,2/14/2011,NULL,Marketing Assistant,1/29/1978,S,F,2/14/2011,0,43,41,2,EM,Mary,Dempsey,Marketing,Sales and Marketing,2/14/2011,$13.46,2,Day,7:00:00 AM,3:00:00 PM,174,Bellevue,98004,124-555-0114,1,Cell
20,4,1,1/7/2011,NULL,Marketing Assistant,3/17/1975,M,F,1/7/2011,0,41,40,2,EM,Wanida,Benshoof,Marketing,Sales and Marketing,1/7/2011,$13.46,2,Day,7:00:00 AM,3:00:00 PM,191,Sammamish,98074,708-555-0141,3,Work
21,4,1,3/2/2009,NULL,Marketing Specialist,2/4/1986,M,M,3/2/2009,0,44,42,2,EM,Terry,Eminhizer,Marketing,Sales and Marketing,3/2/2009,$14.42,2,Day,7:00:00 AM,3:00:00 PM,171,Bellevue,98004,138-555-0118,1,Cell
22,4,1,12/12/2008,NULL,Marketing Specialist,5/21/1987,S,M,12/12/2008,0,45,42,2,EM,Sariya,Harnpadoungsataya,Marketing,Sales and Marketing,12/12/2008,$14.42,2,Day,7:00:00 AM,3:00:00 PM,233,Everett,98201,399-555-0176,3,Work
23,4,1,1/12/2009,NULL,Marketing Specialist,9/13/1962,M,F,1/12/2009,0,46,43,2,EM,Mary,Gibson,Marketing,Sales and Marketing,1/12/2009,$14.42,2,Day,7:00:00 AM,3:00:00 PM,229,Everett,98201,531-555-0183,3,Work
24,4,1,1/18/2009,NULL,Marketing Specialist,6/18/1979,M,F,1/18/2009,0,47,43,2,EM,Jill,Williams,Marketing,Sales and Marketing,1/18/2009,$14.42,2,Day,7:00:00 AM,3:00:00 PM,243,Everett,98201,510-555-0121,3,Work
25,7,1,2/3/2009,NULL,Vice President of Production,1/7/1983,S,M,2/3/2009,1,64,52,1,EM,James,Hamilton,Production,Manufacturing,2/3/2009,$84.13,2,Day,7:00:00 AM,3:00:00 PM,63,Monroe,98272,870-555-0122,3,Work
26,8,1,12/1/2008,NULL,Production Control Manager,11/3/1982,M,M,12/1/2008,1,43,41,2,EM,Peter,Krebs,Production Control,Manufacturing,12/1/2008,$24.52,2,Day,7:00:00 AM,3:00:00 PM,166,Bellevue,98004,913-555-0196,3,Work
27,7,1,2/27/2008,NULL,Production Supervisor - WC60,10/8/1956,S,F,2/27/2008,0,80,60,3,EM,Jo,Brown,Production,Manufacturing,2/27/2008,$25.00,2,Day,7:00:00 AM,3:00:00 PM,77,Duvall,98019,632-555-0129,1,Cell
28,7,1,6/30/2006,NULL,Production Technician - WC60,3/13/1988,M,M,6/30/2006,0,21,30,4,EM,Guy,Gilbert,Production,Manufacturing,6/30/2006,$12.45,1,Day,7:00:00 AM,3:00:00 PM,61,Monroe,98272,320-555-0195,3,Work
29,7,1,1/23/2009,NULL,Production Technician - WC60,9/25/1979,S,M,1/23/2009,0,19,29,4,EM,Mark,McArthur,Production,Manufacturing,1/23/2009,$12.45,1,Day,7:00:00 AM,3:00:00 PM,218,Redmond,98052,417-555-0154,3,Work
30,7,1,1/29/2009,NULL,Production Technician - WC60,9/28/1989,M,F,1/29/2009,0,14,27,4,EM,Britta,Simon,Production,Manufacturing,1/29/2009,$12.45,1,Day,7:00:00 AM,3:00:00 PM,155,Edmonds,98020,955-555-0169,1,Cell
31,7,1,1/4/2009,NULL,Production Technician - WC60,5/20/1986,M,F,1/4/2009,0,18,29,4,EM,Margie,Shoop,Production,Manufacturing,1/4/2009,$12.45,1,Day,7:00:00 AM,3:00:00 PM,142,Edmonds,98020,818-555-0128,1,Cell
32,7,1,12/29/2008,NULL,Production Technician - WC60,7/10/1977,M,F,12/29/2008,0,23,31,4,EM,Rebecca,Laszlo,Production,Manufacturing,12/29/2008,$12.45,1,Day,7:00:00 AM,3:00:00 PM,162,Bellevue,98004,314-555-0113,1,Cell
33,7,1,12/17/2008,NULL,Production Technician - WC60,12/26/1976,M,M,12/17/2008,0,17,28,4,EM,Annik,Stahl,Production,Manufacturing,12/17/2008,$12.45,1,Day,7:00:00 AM,3:00:00 PM,108,Seattle,98104,499-555-0125,3,Work
34,7,1,2/16/2009,NULL,Production Technician - WC60,6/10/1987,M,F,2/16/2009,0,15,27,4,EM,Suchitra,Mohan,Production,Manufacturing,2/16/2009,$12.45,1,Day,7:00:00 AM,3:00:00 PM,184,Bellevue,98004,753-555-0129,1,Cell
35,7,1,2/8/2009,NULL,Production Technician - WC60,1/10/1977,M,M,2/8/2009,0,22,31,4,EM,Brandon,Heidepriem,Production,Manufacturing,2/8/2009,$12.45,1,Day,7:00:00 AM,3:00:00 PM,212,Redmond,98052,429-555-0137,1,Cell
36,7,1,2/10/2009,NULL,Production Technician - WC60,7/31/1984,M,M,2/10/2009,0,20,30,4,EM,Jose,Lugo,Production,Manufacturing,2/10/2009,$12.45,1,Day,7:00:00 AM,3:00:00 PM,100,Seattle,98104,587-555-0115,1,Cell
37,7,1,3/7/2009,NULL,Production Technician - WC60,8/7/1986,S,M,3/7/2009,0,16,28,4,EM,Chris,Okelberry,Production,Manufacturing,3/7/2009,$12.45,1,Day,7:00:00 AM,3:00:00 PM,227,Redmond,98052,315-555-0144,1,Cell
38,7,1,1/16/2010,NULL,Production Technician - WC60,12/14/1966,M,F,1/16/2010,0,24,32,4,EM,Kim,Abercrombie,Production,Manufacturing,1/16/2010,$12.45,1,Day,7:00:00 AM,3:00:00 PM,90,Carnation,98014,208-555-0114,1,Cell
39,7,1,2/5/2010,NULL,Production Technician - WC60,9/11/1971,S,M,2/5/2010,0,25,32,4,EM,Ed,Dudenhoefer,Production,Manufacturing,2/5/2010,$12.45,1,Day,7:00:00 AM,3:00:00 PM,93,Seattle,98104,919-555-0140,3,Work
40,7,3,12/26/2007,NULL,Production Supervisor - WC60,1/16/1956,S,F,12/26/2007,0,82,61,3,EM,JoLynn,Dobney,Production,Manufacturing,12/26/2007,$25.00,2,Night,11:00:00 PM,7:00:00 AM,92,Seattle,98104,903-555-0145,3,Work
41,7,3,1/21/2009,NULL,Production Technician - WC60,8/27/1973,S,M,1/21/2009,0,35,37,4,EM,Bryan,Baker,Production,Manufacturing,1/21/2009,$12.45,1,Night,11:00:00 PM,7:00:00 AM,69,Monroe,98272,712-555-0113,1,Cell
42,7,3,12/27/2008,NULL,Production Technician - WC60,7/25/1984,M,M,12/27/2008,0,39,39,4,EM,James,Kramer,Production,Manufacturing,12/27/2008,$12.45,1,Night,11:00:00 PM,7:00:00 AM,67,Monroe,98272,119-555-0117,1,Cell
43,7,3,1/2/2009,NULL,Production Technician - WC60,11/19/1988,M,F,1/2/2009,0,34,37,4,EM,Nancy,Anderson,Production,Manufacturing,1/2/2009,$12.45,1,Night,11:00:00 PM,7:00:00 AM,197,Sammamish,98074,970-555-0118,1,Cell
44,7,3,12/8/2008,NULL,Production Technician - WC60,5/17/1990,S,M,12/8/2008,0,38,39,4,EM,Simon,Rapier,Production,Manufacturing,12/8/2008,$12.45,1,Night,11:00:00 PM,7:00:00 AM,84,Duvall,98019,963-555-0134,3,Work
45,7,3,2/26/2009,NULL,Production Technician - WC60,1/10/1986,M,M,2/26/2009,0,37,38,4,EM,Thomas,Michaels,Production,Manufacturing,2/26/2009,$12.45,1,Night,11:00:00 PM,7:00:00 AM,150,Edmonds,98020,278-555-0118,1,Cell
46,7,3,2/8/2009,NULL,Production Technician - WC60,2/10/1976,S,M,2/8/2009,0,36,38,4,EM,Eugene,Kogan,Production,Manufacturing,2/8/2009,$12.45,1,Night,11:00:00 PM,7:00:00 AM,85,Duvall,98019,173-555-0179,1,Cell
47,7,1,2/22/2009,NULL,Production Supervisor - WC10,9/6/1988,S,M,2/22/2009,0,65,52,3,EM,Andrew,Hill,Production,Manufacturing,2/22/2009,$25.00,2,Day,7:00:00 AM,3:00:00 PM,246,Everett,98201,908-555-0159,1,Cell
48,7,1,1/6/2008,NULL,Production Technician - WC10,6/4/1956,M,F,1/6/2008,0,83,61,4,EM,Ruth,Ellerbrock,Production,Manufacturing,1/6/2008,$13.45,1,Day,7:00:00 AM,3:00:00 PM,240,Everett,98201,145-555-0130,1,Cell
49,7,1,1/7/2008,NULL,Production Technician - WC10,3/26/1956,S,M,1/7/2008,0,88,64,4,EM,Barry,Johnson,Production,Manufacturing,1/7/2008,$13.45,1,Day,7:00:00 AM,3:00:00 PM,56,Snohomish,98296,206-555-0180,3,Work
50,7,1,2/2/2008,NULL,Production Technician - WC10,8/30/1956,M,M,2/2/2008,0,84,62,4,EM,Sidney,Higa,Production,Manufacturing,2/2/2008,$13.45,1,Day,7:00:00 AM,3:00:00 PM,153,Edmonds,98020,424-555-0189,3,Work
51,7,1,2/20/2008,NULL,Production Technician - WC10,7/11/1956,S,M,2/20/2008,0,85,62,4,EM,Jeffrey,Ford,Production,Manufacturing,2/20/2008,$13.45,1,Day,7:00:00 AM,3:00:00 PM,71,Monroe,98272,984-555-0185,3,Work
52,7,1,3/10/2008,NULL,Production Technician - WC10,4/4/1956,M,F,3/10/2008,0,86,63,4,EM,Doris,Hartwig,Production,Manufacturing,3/10/2008,$13.45,1,Day,7:00:00 AM,3:00:00 PM,48,Kenmore,98028,328-555-0150,1,Cell
53,7,1,3/28/2008,NULL,Production Technician - WC10,3/29/1956,M,F,3/28/2008,0,87,63,4,EM,Diane,Glimp,Production,Manufacturing,3/28/2008,$13.45,1,Day,7:00:00 AM,3:00:00 PM,208,Redmond,98052,202-555-0151,1,Cell
54,7,1,1/1/2010,NULL,Production Technician - WC10,9/10/1986,M,F,1/1/2010,0,89,64,4,EM,Bonnie,Kearney,Production,Manufacturing,1/1/2010,$13.45,1,Day,7:00:00 AM,3:00:00 PM,60,Snohomish,98296,264-555-0150,3,Work
55,7,3,2/8/2008,NULL,Production Supervisor - WC50,4/1/1956,M,M,2/8/2008,0,79,59,3,EM,Taylor,Maxwell,Production,Manufacturing,2/8/2008,$25.00,2,Night,11:00:00 PM,7:00:00 AM,131,Edmonds,98020,508-555-0165,3,Work
56,7,3,2/5/2009,NULL,Production Technician - WC50,7/6/1988,M,F,2/5/2009,0,9,24,4,EM,Denise,Smith,Production,Manufacturing,2/5/2009,$11.00,1,Night,11:00:00 PM,7:00:00 AM,46,Kenmore,98028,869-555-0119,1,Cell
57,7,3,2/23/2009,NULL,Production Technician - WC50,7/24/1971,S,M,2/23/2009,0,10,25,4,EM,Frank,Miller,Production,Manufacturing,2/23/2009,$11.00,1,Night,11:00:00 PM,7:00:00 AM,55,Snohomish,98296,167-555-0139,3,Work
58,7,3,12/5/2008,NULL,Production Technician - WC50,5/30/1986,M,M,12/5/2008,0,11,25,4,EM,Kendall,Keil,Production,Manufacturing,12/5/2008,$11.00,1,Night,11:00:00 PM,7:00:00 AM,119,Seattle,98104,138-555-0128,3,Work
59,7,3,12/24/2008,NULL,Production Technician - WC50,8/16/1979,S,M,12/24/2008,0,12,26,4,EM,Bob,Hohman,Production,Manufacturing,12/24/2008,$11.00,1,Night,11:00:00 PM,7:00:00 AM,8,Bothell,98011,611-555-0116,3,Work
60,7,3,1/11/2009,NULL,Production Technician - WC50,2/3/1977,S,M,1/11/2009,0,13,26,4,EM,Pete,Male,Production,Manufacturing,1/11/2009,$11.00,1,Night,11:00:00 PM,7:00:00 AM,96,Seattle,98104,768-555-0123,1,Cell
61,7,3,1/18/2009,NULL,Production Technician - WC50,8/9/1989,S,F,1/18/2009,0,8,24,4,EM,Diane,Tibbott,Production,Manufacturing,1/18/2009,$11.00,1,Night,11:00:00 PM,7:00:00 AM,47,Kenmore,98028,361-555-0180,3,Work
62,7,2,3/17/2008,NULL,Production Supervisor - WC60,8/7/1956,M,M,3/17/2008,0,81,60,3,EM,John,Campbell,Production,Manufacturing,3/17/2008,$25.00,2,Evening,3:00:00 PM,11:00:00 PM,97,Seattle,98104,435-555-0113,3,Work
63,7,2,1/29/2010,NULL,Production Technician - WC60,1/30/1955,S,M,1/29/2010,0,30,35,4,EM,Maciej,Dusza,Production,Manufacturing,1/29/2010,$12.45,1,Evening,3:00:00 PM,11:00:00 PM,149,Edmonds,98020,237-555-0128,1,Cell
64,7,2,2/23/2010,NULL,Production Technician - WC60,9/5/1973,S,M,2/23/2010,0,26,33,4,EM,Michael,Zwilling,Production,Manufacturing,2/23/2010,$12.45,1,Evening,3:00:00 PM,11:00:00 PM,143,Edmonds,98020,582-555-0148,1,Cell
65,7,2,2/23/2010,NULL,Production Technician - WC60,4/28/1970,M,M,2/23/2010,0,29,34,4,EM,Randy,Reeves,Production,Manufacturing,2/23/2010,$12.45,1,Evening,3:00:00 PM,11:00:00 PM,148,Edmonds,98020,961-555-0122,1,Cell
66,7,2,12/22/2009,NULL,Production Technician - WC60,3/7/1970,S,M,12/22/2009,0,28,34,4,EM,Karan,Khanna,Production,Manufacturing,12/22/2009,$12.45,1,Evening,3:00:00 PM,11:00:00 PM,113,Seattle,98104,447-555-0186,3,Work
67,7,2,3/5/2009,NULL,Production Technician - WC60,2/11/1976,S,M,3/5/2009,0,32,36,4,EM,Jay,Adams,Production,Manufacturing,3/5/2009,$12.45,1,Evening,3:00:00 PM,11:00:00 PM,68,Monroe,98272,407-555-0165,3,Work
68,7,2,12/3/2009,NULL,Production Technician - WC60,9/2/1971,S,M,12/3/2009,0,27,33,4,EM,Charles,Fitzgerald,Production,Manufacturing,12/3/2009,$12.45,1,Evening,3:00:00 PM,11:00:00 PM,199,Sammamish,98074,931-555-0118,3,Work
69,7,2,2/15/2009,NULL,Production Technician - WC60,4/6/1991,S,M,2/15/2009,0,31,35,4,EM,Steve,Masters,Production,Manufacturing,2/15/2009,$12.45,1,Evening,3:00:00 PM,11:00:00 PM,114,Seattle,98104,712-555-0170,3,Work
70,7,2,12/15/2008,NULL,Production Technician - WC60,12/29/1984,M,M,12/15/2008,0,33,36,4,EM,David,Ortiz,Production,Manufacturing,12/15/2008,$12.45,1,Evening,3:00:00 PM,11:00:00 PM,125,Seattle,98104,712-555-0119,3,Work
71,7,3,2/15/2009,NULL,Production Supervisor - WC30,1/29/1989,S,M,2/15/2009,0,70,55,3,EM,Michael,Ray,Production,Manufacturing,2/15/2009,$25.00,2,Night,11:00:00 PM,7:00:00 AM,120,Seattle,98104,156-555-0199,1,Cell
72,7,3,12/1/2008,NULL,Production Technician - WC30,5/14/1977,M,M,12/1/2008,0,41,40,4,EM,Steven,Selikoff,Production,Manufacturing,12/1/2008,$9.50,1,Night,11:00:00 PM,7:00:00 AM,231,Everett,98201,925-555-0114,3,Work
73,7,3,12/19/2008,NULL,Production Technician - WC30,10/19/1983,M,F,12/19/2008,0,42,41,4,EM,Carole,Poland,Production,Manufacturing,12/19/2008,$9.50,1,Night,11:00:00 PM,7:00:00 AM,145,Edmonds,98020,688-555-0192,1,Cell
74,7,3,1/7/2009,NULL,Production Technician - WC30,11/6/1989,S,M,1/7/2009,0,43,41,4,EM,Bjorn,Rettig,Production,Manufacturing,1/7/2009,$9.50,1,Night,11:00:00 PM,7:00:00 AM,99,Seattle,98104,199-555-0117,3,Work
75,7,3,1/26/2009,NULL,Production Technician - WC30,6/27/1982,S,M,1/26/2009,0,44,42,4,EM,Michiko,Osada,Production,Manufacturing,1/26/2009,$9.50,1,Night,11:00:00 PM,7:00:00 AM,198,Sammamish,98074,984-555-0148,3,Work
76,7,3,2/12/2009,NULL,Production Technician - WC30,10/17/1988,M,F,2/12/2009,0,45,42,4,EM,Carol,Philips,Production,Manufacturing,2/12/2009,$9.50,1,Night,11:00:00 PM,7:00:00 AM,20,Bothell,98011,609-555-0153,1,Cell
77,7,3,3/3/2009,NULL,Production Technician - WC30,5/13/1983,M,F,3/3/2009,0,46,43,4,EM,Merav,Netz,Production,Manufacturing,3/3/2009,$9.50,1,Night,11:00:00 PM,7:00:00 AM,94,Seattle,98104,224-555-0187,3,Work
78,7,2,12/15/2008,NULL,Production Supervisor - WC40,8/27/1987,M,M,12/15/2008,0,72,56,3,EM,Reuben,D'sa,Production,Manufacturing,12/15/2008,$25.00,2,Evening,3:00:00 PM,11:00:00 PM,110,Seattle,98104,191-555-0112,3,Work
79,7,2,1/24/2010,NULL,Production Technician - WC40,12/8/1966,M,M,1/24/2010,0,60,50,4,EM,Eric,Brown,Production,Manufacturing,1/24/2010,$15.00,1,Evening,3:00:00 PM,11:00:00 PM,79,Duvall,98019,680-555-0118,1,Cell
80,7,2,1/17/2010,NULL,Production Technician - WC40,12/3/1970,S,M,1/17/2010,0,65,52,4,EM,Sandeep,Kaliyath,Production,Manufacturing,1/17/2010,$15.00,1,Evening,3:00:00 PM,11:00:00 PM,204,Sammamish,98074,166-555-0156,3,Work
81,7,2,12/29/2009,NULL,Production Technician - WC40,3/9/1971,S,M,12/29/2009,0,64,52,4,EM,Mihail,Frintu,Production,Manufacturing,12/29/2009,$15.00,1,Evening,3:00:00 PM,11:00:00 PM,152,Edmonds,98020,733-555-0128,3,Work
82,7,2,3/3/2010,NULL,Production Technician - WC40,8/29/1973,S,M,3/3/2010,0,62,51,4,EM,Jack,Creasey,Production,Manufacturing,3/3/2010,$15.00,1,Evening,3:00:00 PM,11:00:00 PM,109,Seattle,98104,521-555-0113,1,Cell
83,7,2,2/12/2010,NULL,Production Technician - WC40,12/23/1973,M,M,2/12/2010,0,61,50,4,EM,Patrick,Cook,Production,Manufacturing,2/12/2010,$15.00,1,Evening,3:00:00 PM,11:00:00 PM,103,Seattle,98104,425-555-0117,1,Cell
84,7,2,2/5/2010,NULL,Production Technician - WC40,3/2/1952,M,M,2/5/2010,0,66,53,4,EM,Frank,Martinez,Production,Manufacturing,2/5/2010,$15.00,1,Evening,3:00:00 PM,11:00:00 PM,54,Snohomish,98296,203-555-0196,3,Work
85,7,2,12/11/2009,NULL,Production Technician - WC40,12/23/1970,S,M,12/11/2009,0,63,51,4,EM,Brian,Goldstein,Production,Manufacturing,12/11/2009,$15.00,1,Evening,3:00:00 PM,11:00:00 PM,14,Bothell,98011,730-555-0117,1,Cell
86,7,2,1/5/2009,NULL,Production Technician - WC40,6/13/1972,M,M,1/5/2009,0,59,49,4,EM,Ryan,Cornelsen,Production,Manufacturing,1/5/2009,$15.00,1,Evening,3:00:00 PM,11:00:00 PM,32517,Sammamish,98074,208-555-0114,3,Work
87,7,3,12/22/2008,NULL,Production Supervisor - WC10,4/11/1984,M,M,12/22/2008,0,67,53,3,EM,Cristian,Petculescu,Production,Manufacturing,12/22/2008,$25.00,2,Night,11:00:00 PM,7:00:00 AM,91,Seattle,98104,434-555-0133,1,Cell
88,7,3,12/18/2009,NULL,Production Technician - WC10,12/17/1966,S,F,12/18/2009,0,99,69,4,EM,Betsy,Stadick,Production,Manufacturing,12/18/2009,$13.45,1,Night,11:00:00 PM,7:00:00 AM,7,Bothell,98011,405-555-0171,1,Cell
89,7,3,2/1/2010,NULL,Production Technician - WC10,9/10/1986,S,M,2/1/2010,0,96,68,4,EM,Patrick,Wedge,Production,Manufacturing,2/1/2010,$13.45,1,Night,11:00:00 PM,7:00:00 AM,161,Bellevue,98004,413-555-0124,1,Cell
90,7,3,2/20/2010,NULL,Production Technician - WC10,9/7/1986,S,F,2/20/2010,0,97,68,4,EM,Danielle,Tiedt,Production,Manufacturing,2/20/2010,$13.45,1,Night,11:00:00 PM,7:00:00 AM,43,Kenmore,98028,500-555-0172,1,Cell
91,7,3,1/12/2010,NULL,Production Technician - WC10,9/13/1986,S,F,1/12/2010,0,95,67,4,EM,Kimberly,Zimmerman,Production,Manufacturing,1/12/2010,$13.45,1,Night,11:00:00 PM,7:00:00 AM,128,Seattle,98104,123-555-0167,3,Work
92,7,3,3/10/2010,NULL,Production Technician - WC10,10/1/1986,M,M,3/10/2010,0,98,69,4,EM,Tom,Vande Velde,Production,Manufacturing,3/10/2010,$13.45,1,Night,11:00:00 PM,7:00:00 AM,237,Everett,98201,295-555-0161,3,Work
93,7,2,12/27/2008,NULL,Production Supervisor - WC50,4/28/1980,S,M,12/27/2008,0,78,59,3,EM,Kok-Ho,Loh,Production,Manufacturing,12/27/2008,$25.00,2,Evening,3:00:00 PM,11:00:00 PM,189,Bellevue,98004,999-555-0155,3,Work
94,7,2,12/12/2008,NULL,Production Technician - WC50,11/25/1972,M,M,12/12/2008,0,6,23,4,EM,Russell,Hunter,Production,Manufacturing,12/12/2008,$11.00,1,Evening,3:00:00 PM,11:00:00 PM,124,Seattle,98104,786-555-0144,3,Work
95,7,2,12/19/2008,NULL,Production Technician - WC50,9/8/1986,M,M,12/19/2008,0,1,20,4,EM,Jim,Scardelis,Production,Manufacturing,12/19/2008,$11.00,1,Evening,3:00:00 PM,11:00:00 PM,136,Edmonds,98020,679-555-0113,3,Work
96,7,2,3/2/2009,NULL,Production Technician - WC50,1/25/1990,M,F,3/2/2009,0,5,22,4,EM,Elizabeth,Keyser,Production,Manufacturing,3/2/2009,$11.00,1,Evening,3:00:00 PM,11:00:00 PM,32513,Kent,98031,318-555-0137,1,Cell
97,7,2,2/10/2009,NULL,Production Technician - WC50,3/21/1986,S,M,2/10/2009,0,0,20,4,EM,Mandar,Samant,Production,Manufacturing,2/10/2009,$11.00,1,Evening,3:00:00 PM,11:00:00 PM,76,Duvall,98019,140-555-0132,3,Work
98,7,2,2/11/2009,NULL,Production Technician - WC50,6/26/1978,M,M,2/11/2009,0,4,22,4,EM,Sameer,Tejani,Production,Manufacturing,2/11/2009,$11.00,1,Evening,3:00:00 PM,11:00:00 PM,83,Duvall,98019,990-555-0172,1,Cell
99,7,2,1/6/2009,NULL,Production Technician - WC50,3/29/1979,S,M,1/6/2009,0,2,21,4,EM,Nuan,Yu,Production,Manufacturing,1/6/2009,$11.00,1,Evening,3:00:00 PM,11:00:00 PM,160,Bellevue,98004,913-555-0184,1,Cell
100,7,2,1/12/2009,NULL,Production Technician - WC50,1/24/1973,M,M,1/12/2009,0,7,23,4,EM,Lolan,Song,Production,Manufacturing,1/12/2009,$11.00,1,Evening,3:00:00 PM,11:00:00 PM,133,Edmonds,98020,582-555-0178,1,Cell
101,7,2,1/25/2009,NULL,Production Technician - WC50,8/30/1971,M,M,1/25/2009,0,3,21,4,EM,Houman,Pournasseh,Production,Manufacturing,1/25/2009,$11.00,1,Evening,3:00:00 PM,11:00:00 PM,32514,Redmond,98052,180-555-0136,1,Cell
102,7,2,12/3/2008,NULL,Production Supervisor - WC10,10/26/1983,S,M,12/3/2008,0,66,53,3,EM,Zheng,Mu,Production,Manufacturing,12/3/2008,$25.00,2,Evening,3:00:00 PM,11:00:00 PM,121,Seattle,98104,113-555-0173,1,Cell
103,7,2,12/6/2009,NULL,Production Technician - WC10,9/22/1986,S,M,12/6/2009,0,93,66,4,EM,Ebru,Ersan,Production,Manufacturing,12/6/2009,$13.45,1,Evening,3:00:00 PM,11:00:00 PM,32512,Sammamish,98074,202-555-0187,1,Cell
104,7,2,12/25/2009,NULL,Production Technician - WC10,9/19/1986,M,F,12/25/2009,0,94,67,4,EM,Mary,Baker,Production,Manufacturing,12/25/2009,$13.45,1,Evening,3:00:00 PM,11:00:00 PM,122,Seattle,98104,283-555-0185,3,Work
105,7,2,12/25/2009,NULL,Production Technician - WC10,9/19/1986,S,M,12/25/2009,0,90,65,4,EM,Kevin,Homer,Production,Manufacturing,12/25/2009,$13.45,1,Evening,3:00:00 PM,11:00:00 PM,158,Bellevue,98004,555-555-0113,3,Work
106,7,2,2/27/2010,NULL,Production Technician - WC10,9/28/1986,S,M,2/27/2010,0,92,66,4,EM,John,Kane,Production,Manufacturing,2/27/2010,$13.45,1,Evening,3:00:00 PM,11:00:00 PM,81,Duvall,98019,254-555-0114,3,Work
107,7,2,2/8/2010,NULL,Production Technician - WC10,10/1/1986,M,M,2/8/2010,0,91,65,4,EM,Christopher,Hill,Production,Manufacturing,2/8/2010,$13.45,1,Evening,3:00:00 PM,11:00:00 PM,40,Bothell,98011,153-555-0166,1,Cell
108,7,1,12/8/2008,NULL,Production Supervisor - WC50,2/5/1989,S,M,12/8/2008,0,77,58,3,EM,Jinghao,Liu,Production,Manufacturing,12/8/2008,$25.00,2,Day,7:00:00 AM,3:00:00 PM,88,Carnation,98014,794-555-0159,1,Cell
109,7,1,12/7/2008,NULL,Production Technician - WC50,1/26/1978,M,F,12/7/2008,0,95,67,4,EM,Alice,Ciccu,Production,Manufacturing,12/7/2008,$11.00,1,Day,7:00:00 AM,3:00:00 PM,51,Snohomish,98296,333-555-0173,1,Cell
110,7,1,12/14/2008,NULL,Production Technician - WC50,7/6/1979,S,M,12/14/2008,0,90,65,4,EM,Jun,Cao,Production,Manufacturing,12/14/2008,$11.00,1,Day,7:00:00 AM,3:00:00 PM,220,Redmond,98052,299-555-0113,3,Work
111,7,1,12/17/2008,NULL,Production Technician - WC50,2/25/1978,S,M,12/17/2008,0,93,66,4,EM,Suroor,Fatima,Production,Manufacturing,12/17/2008,$11.00,1,Day,7:00:00 AM,3:00:00 PM,141,Edmonds,98020,932-555-0161,3,Work
112,7,1,1/1/2009,NULL,Production Technician - WC50,5/31/1978,S,M,1/1/2009,0,91,65,4,EM,John,Evans,Production,Manufacturing,1/1/2009,$11.00,1,Day,7:00:00 AM,3:00:00 PM,118,Seattle,98104,172-555-0130,1,Cell
113,7,1,12/25/2008,NULL,Production Technician - WC50,7/17/1987,M,F,12/25/2008,0,96,68,4,EM,Linda,Moschell,Production,Manufacturing,12/25/2008,$11.00,1,Day,7:00:00 AM,3:00:00 PM,175,Bellevue,98004,612-555-0171,1,Cell
114,7,1,1/13/2009,NULL,Production Technician - WC50,5/7/1978,M,M,1/13/2009,0,97,68,4,EM,Mindaugas,Krapauskas,Production,Manufacturing,1/13/2009,$11.00,1,Day,7:00:00 AM,3:00:00 PM,144,Edmonds,98020,637-555-0120,3,Work
115,7,1,1/20/2009,NULL,Production Technician - WC50,5/31/1991,S,F,1/20/2009,0,92,66,4,EM,Angela,Barbariol,Production,Manufacturing,1/20/2009,$11.00,1,Day,7:00:00 AM,3:00:00 PM,139,Edmonds,98020,150-555-0194,1,Cell
116,7,1,1/31/2009,NULL,Production Technician - WC50,5/3/1974,S,M,1/31/2009,0,98,69,4,EM,Michael,Patten,Production,Manufacturing,1/31/2009,$11.00,1,Day,7:00:00 AM,3:00:00 PM,151,Edmonds,98020,441-555-0195,3,Work
117,7,1,2/18/2009,NULL,Production Technician - WC50,8/4/1990,M,M,2/18/2009,0,99,69,4,EM,Chad,Niswonger,Production,Manufacturing,2/18/2009,$11.00,1,Day,7:00:00 AM,3:00:00 PM,21,Bothell,98011,559-555-0175,3,Work
118,7,1,2/13/2009,NULL,Production Technician - WC50,6/13/1971,M,M,2/13/2009,0,88,64,4,EM,Don,Hall,Production,Manufacturing,2/13/2009,$11.00,1,Day,7:00:00 AM,3:00:00 PM,87,Carnation,98014,100-555-0174,3,Work
119,7,1,2/25/2009,NULL,Production Technician - WC50,6/15/1989,S,M,2/25/2009,0,94,67,4,EM,Michael,Entin,Production,Manufacturing,2/25/2009,$11.00,1,Day,7:00:00 AM,3:00:00 PM,226,Redmond,98052,817-555-0186,3,Work
120,7,1,3/4/2009,NULL,Production Technician - WC50,6/6/1987,S,F,3/4/2009,0,89,64,4,EM,Kitti,Lertpiriyasuwat,Production,Manufacturing,3/4/2009,$11.00,1,Day,7:00:00 AM,3:00:00 PM,130,Seattle,98104,785-555-0132,3,Work
121,15,1,1/2/2009,NULL,Shipping and Receiving Supervisor,9/9/1972,S,M,1/2/2009,1,93,66,3,EM,Pilar,Ackerman,Shipping and Receiving,Inventory Management,1/2/2009,$19.23,2,Day,7:00:00 AM,3:00:00 PM,32506,Seattle,98104,577-555-0185,3,Work
122,15,2,12/7/2008,NULL,Stocker,2/17/1978,S,F,12/7/2008,0,97,68,4,EM,Susan,Eaton,Shipping and Receiving,Inventory Management,12/7/2008,$9.00,1,Evening,3:00:00 PM,11:00:00 PM,288,Renton,98055,943-555-0196,3,Work
123,15,2,12/7/2008,NULL,Shipping and Receiving Clerk,3/18/1977,M,M,12/7/2008,0,95,67,4,EM,Vamsi,Kuppa,Shipping and Receiving,Inventory Management,12/7/2008,$9.50,2,Evening,3:00:00 PM,11:00:00 PM,2,Bothell,98011,937-555-0137,3,Work
124,15,3,12/26/2008,NULL,Stocker,4/30/1984,S,F,12/26/2008,0,98,69,4,EM,Kim,Ralls,Shipping and Receiving,Inventory Management,12/26/2008,$9.00,1,Night,11:00:00 PM,7:00:00 AM,5,Bothell,98011,309-555-0129,3,Work
125,15,1,1/20/2009,NULL,Shipping and Receiving Clerk,11/11/1973,M,M,1/20/2009,0,94,67,4,EM,Matthias,Berndt,Shipping and Receiving,Inventory Management,1/20/2009,$9.50,2,Day,7:00:00 AM,3:00:00 PM,299,Renton,98055,139-555-0120,1,Cell
126,15,1,2/26/2009,NULL,Stocker,5/4/1985,M,M,2/26/2009,0,96,68,4,EM,Jimmy,Bischoff,Shipping and Receiving,Inventory Management,2/26/2009,$9.00,1,Day,7:00:00 AM,3:00:00 PM,298,Renton,98055,927-555-0168,1,Cell
127,7,3,1/3/2009,NULL,Production Supervisor - WC40,7/2/1983,S,M,1/3/2009,0,73,56,3,EM,David,Hamilton,Production,Manufacturing,1/3/2009,$25.00,2,Night,11:00:00 PM,7:00:00 AM,44,Kenmore,98028,986-555-0177,1,Cell
128,7,3,12/4/2008,NULL,Production Technician - WC40,11/13/1980,S,M,12/4/2008,0,68,54,4,EM,Paul,Komosinski,Production,Manufacturing,12/4/2008,$15.00,1,Night,11:00:00 PM,7:00:00 AM,157,Bellevue,98004,147-555-0160,3,Work
129,7,3,12/22/2008,NULL,Production Technician - WC40,5/16/1988,S,M,12/22/2008,0,69,54,4,EM,Gary,Yukish,Production,Manufacturing,12/22/2008,$15.00,1,Night,11:00:00 PM,7:00:00 AM,134,Edmonds,98020,901-555-0125,1,Cell
130,7,3,2/13/2009,NULL,Production Technician - WC40,8/4/1973,S,M,2/13/2009,0,71,55,4,EM,Rob,Caron,Production,Manufacturing,2/13/2009,$15.00,1,Night,11:00:00 PM,7:00:00 AM,72,Monroe,98272,238-555-0116,3,Work
131,7,3,2/15/2009,NULL,Production Technician - WC40,10/7/1990,S,M,2/15/2009,0,72,56,4,EM,Baris,Cetinok,Production,Manufacturing,2/15/2009,$15.00,1,Night,11:00:00 PM,7:00:00 AM,117,Seattle,98104,164-555-0114,3,Work
132,7,3,2/22/2009,NULL,Production Technician - WC40,4/9/1986,M,F,2/22/2009,0,67,53,4,EM,Nicole,Holliday,Production,Manufacturing,2/22/2009,$15.00,1,Night,11:00:00 PM,7:00:00 AM,101,Seattle,98104,508-555-0129,1,Cell
133,7,3,1/10/2009,NULL,Production Technician - WC40,1/4/1991,S,M,1/10/2009,0,70,55,4,EM,Michael,Rothkugel,Production,Manufacturing,1/10/2009,$15.00,1,Night,11:00:00 PM,7:00:00 AM,146,Edmonds,98020,454-555-0119,3,Work
134,7,1,1/14/2009,NULL,Production Supervisor - WC20,1/19/1985,M,M,1/14/2009,0,40,40,3,EM,Eric,Gubbels,Production,Manufacturing,1/14/2009,$25.00,2,Day,7:00:00 AM,3:00:00 PM,140,Edmonds,98020,260-555-0119,1,Cell
135,7,1,12/4/2008,NULL,Production Technician - WC20,1/3/1982,M,M,12/4/2008,0,9,24,4,EM,Ivo,Salmre,Production,Manufacturing,12/4/2008,$14.00,1,Day,7:00:00 AM,3:00:00 PM,62,Monroe,98272,115-555-0179,3,Work
136,7,1,12/11/2009,NULL,Production Technician - WC20,11/12/1970,M,M,12/11/2009,0,4,22,4,EM,Sylvester,Valdez,Production,Manufacturing,12/11/2009,$14.00,1,Day,7:00:00 AM,3:00:00 PM,170,Bellevue,98004,492-555-0174,1,Cell
137,7,1,2/23/2009,NULL,Production Technician - WC20,9/5/1974,S,F,2/23/2009,0,8,24,4,EM,Anibal,Sousa,Production,Manufacturing,2/23/2009,$14.00,1,Day,7:00:00 AM,3:00:00 PM,32516,Redmond,98052,106-555-0120,3,Work
138,7,1,2/4/2009,NULL,Production Technician - WC20,11/22/1987,M,F,2/4/2009,0,7,23,4,EM,Samantha,Smith,Production,Manufacturing,2/4/2009,$14.00,1,Day,7:00:00 AM,3:00:00 PM,159,Bellevue,98004,587-555-0114,1,Cell
139,7,1,1/6/2010,NULL,Production Technician - WC20,10/23/1971,S,M,1/6/2010,0,0,20,4,EM,Hung-Fu,Ting,Production,Manufacturing,1/6/2010,$14.00,1,Day,7:00:00 AM,3:00:00 PM,203,Sammamish,98074,497-555-0181,1,Cell
140,7,1,1/22/2010,NULL,Production Technician - WC20,4/30/1953,M,M,1/22/2010,0,5,22,4,EM,Prasanna,Samarawickrama,Production,Manufacturing,1/22/2010,$14.00,1,Day,7:00:00 AM,3:00:00 PM,213,Redmond,98052,129-555-0199,1,Cell
141,7,1,1/24/2010,NULL,Production Technician - WC20,9/10/1974,M,M,1/24/2010,0,1,20,4,EM,Min,Su,Production,Manufacturing,1/24/2010,$14.00,1,Day,7:00:00 AM,3:00:00 PM,164,Bellevue,98004,590-555-0152,3,Work
142,7,1,3/4/2010,NULL,Production Technician - WC20,4/4/1970,S,F,3/4/2010,0,3,21,4,EM,Olinda,Turner,Production,Manufacturing,3/4/2010,$14.00,1,Day,7:00:00 AM,3:00:00 PM,167,Bellevue,98004,306-555-0186,1,Cell
143,7,1,2/13/2010,NULL,Production Technician - WC20,9/5/1971,S,M,2/13/2010,0,2,21,4,EM,Krishna,Sunkammurali,Production,Manufacturing,2/13/2010,$14.00,1,Day,7:00:00 AM,3:00:00 PM,132,Edmonds,98020,491-555-0183,1,Cell
144,7,1,1/17/2009,NULL,Production Technician - WC20,11/4/1990,M,M,1/17/2009,0,6,23,4,EM,Paul,Singh,Production,Manufacturing,1/17/2009,$14.00,1,Day,7:00:00 AM,3:00:00 PM,168,Bellevue,98004,727-555-0112,1,Cell
145,7,2,1/27/2009,NULL,Production Supervisor - WC30,8/18/1981,S,F,1/27/2009,0,69,54,3,EM,Cynthia,Randall,Production,Manufacturing,1/27/2009,$25.00,2,Evening,3:00:00 PM,11:00:00 PM,42,Kenmore,98028,352-555-0138,1,Cell
146,7,2,12/7/2008,NULL,Production Technician - WC30,6/25/1989,S,M,12/7/2008,0,36,38,4,EM,Jian Shuo,Wang,Production,Manufacturing,12/7/2008,$9.50,1,Evening,3:00:00 PM,11:00:00 PM,74,Monroe,98272,952-555-0178,1,Cell
147,7,2,12/26/2008,NULL,Production Technician - WC30,11/5/1975,M,F,12/26/2008,0,37,38,4,EM,Sandra,Reátegui Alayo,Production,Manufacturing,12/26/2008,$9.50,1,Evening,3:00:00 PM,11:00:00 PM,105,Seattle,98104,896-555-0168,3,Work
148,7,2,1/14/2009,NULL,Production Technician - WC30,12/7/1988,S,M,1/14/2009,0,38,39,4,EM,Jason,Watters,Production,Manufacturing,1/14/2009,$9.50,1,Evening,3:00:00 PM,11:00:00 PM,181,Bellevue,98004,571-555-0179,3,Work
149,7,2,1/31/2009,NULL,Production Technician - WC30,10/20/1983,M,M,1/31/2009,0,39,39,4,EM,Andy,Ruth,Production,Manufacturing,1/31/2009,$9.50,1,Evening,3:00:00 PM,11:00:00 PM,172,Bellevue,98004,118-555-0110,1,Cell
150,7,2,2/26/2009,NULL,Production Technician - WC30,9/18/1982,M,M,2/26/2009,0,35,37,4,EM,Michael,Vanderhyde,Production,Manufacturing,2/26/2009,$9.50,1,Evening,3:00:00 PM,11:00:00 PM,135,Edmonds,98020,296-555-0121,1,Cell
151,7,2,2/19/2009,NULL,Production Technician - WC30,9/13/1977,M,M,2/19/2009,0,40,40,4,EM,Rostislav,Shabalin,Production,Manufacturing,2/19/2009,$9.50,1,Evening,3:00:00 PM,11:00:00 PM,182,Bellevue,98004,751-555-0134,1,Cell
152,7,2,2/1/2009,NULL,Production Supervisor - WC20,4/6/1977,M,M,2/1/2009,0,41,40,3,EM,Yuhong,Li,Production,Manufacturing,2/1/2009,$25.00,2,Evening,3:00:00 PM,11:00:00 PM,98,Seattle,98104,965-555-0155,1,Cell
153,7,2,12/16/2008,NULL,Production Technician - WC20,10/16/1974,S,M,12/16/2008,0,15,27,4,EM,Hanying,Feng,Production,Manufacturing,12/16/2008,$14.00,1,Evening,3:00:00 PM,11:00:00 PM,221,Redmond,98052,319-555-0139,3,Work
154,7,2,12/23/2008,NULL,Production Technician - WC20,3/2/1967,M,M,12/23/2008,0,10,25,4,EM,Raymond,Sam,Production,Manufacturing,12/23/2008,$14.00,1,Evening,3:00:00 PM,11:00:00 PM,137,Edmonds,98020,226-555-0197,3,Work
155,7,2,1/4/2009,NULL,Production Technician - WC20,2/15/1989,S,M,1/4/2009,0,16,28,4,EM,Fadi,Fakhouri,Production,Manufacturing,1/4/2009,$14.00,1,Evening,3:00:00 PM,11:00:00 PM,53,Snohomish,98296,935-555-0116,3,Work
156,7,2,1/11/2009,NULL,Production Technician - WC20,9/23/1974,M,M,1/11/2009,0,11,25,4,EM,Lane,Sacksteder,Production,Manufacturing,1/11/2009,$14.00,1,Evening,3:00:00 PM,11:00:00 PM,102,Seattle,98104,200-555-0117,1,Cell
157,7,2,2/3/2009,NULL,Production Technician - WC20,10/5/1977,S,F,2/3/2009,0,12,26,4,EM,Linda,Randall,Production,Manufacturing,2/3/2009,$14.00,1,Evening,3:00:00 PM,11:00:00 PM,111,Seattle,98104,696-555-0157,3,Work
158,7,2,3/7/2009,NULL,Production Technician - WC20,12/8/1986,S,F,3/7/2009,0,14,27,4,EM,Shelley,Dyck,Production,Manufacturing,3/7/2009,$14.00,1,Evening,3:00:00 PM,11:00:00 PM,75,Monroe,98272,991-555-0184,1,Cell
159,7,2,2/16/2009,NULL,Production Technician - WC20,12/8/1984,S,M,2/16/2009,0,13,26,4,EM,Terrence,Earls,Production,Manufacturing,2/16/2009,$14.00,1,Evening,3:00:00 PM,11:00:00 PM,177,Bellevue,98004,110-555-0115,3,Work
160,7,1,1/21/2009,NULL,Production Supervisor - WC45,1/15/1977,M,M,1/21/2009,0,74,57,3,EM,Jeff,Hay,Production,Manufacturing,1/21/2009,$25.00,2,Day,7:00:00 AM,3:00:00 PM,232,Everett,98201,350-555-0167,1,Cell
161,7,1,12/15/2008,NULL,Production Technician - WC45,2/6/1985,S,M,12/15/2008,0,74,57,4,EM,Kirk,Koenigsbauer,Production,Manufacturing,12/15/2008,$10.00,1,Day,7:00:00 AM,3:00:00 PM,95,Seattle,98104,669-555-0150,3,Work
162,7,1,1/3/2009,NULL,Production Technician - WC45,12/25/1980,S,F,1/3/2009,0,75,57,4,EM,Laura,Steele,Production,Manufacturing,1/3/2009,$10.00,1,Day,7:00:00 AM,3:00:00 PM,78,Duvall,98019,777-555-0141,3,Work
163,7,1,2/8/2009,NULL,Production Technician - WC45,4/13/1990,M,M,2/8/2009,0,77,58,4,EM,Alex,Nayberg,Production,Manufacturing,2/8/2009,$10.00,1,Day,7:00:00 AM,3:00:00 PM,248,Newport Hills,98006,819-555-0198,3,Work
164,7,1,3/6/2009,NULL,Production Technician - WC45,9/24/1988,S,M,3/6/2009,0,73,56,4,EM,Andrew,Cencini,Production,Manufacturing,3/6/2009,$10.00,1,Day,7:00:00 AM,3:00:00 PM,195,Sammamish,98074,207-555-0192,1,Cell
165,7,1,1/22/2009,NULL,Production Technician - WC45,12/16/1988,M,M,1/22/2009,0,76,58,4,EM,Chris,Preston,Production,Manufacturing,1/22/2009,$10.00,1,Day,7:00:00 AM,3:00:00 PM,23,Seattle,98104,200-555-0112,1,Cell
166,7,1,2/21/2009,NULL,Production Supervisor - WC30,6/22/1983,S,M,2/21/2009,0,68,54,3,EM,Jack,Richins,Production,Manufacturing,2/21/2009,$25.00,2,Day,7:00:00 AM,3:00:00 PM,65,Monroe,98272,552-555-0111,3,Work
167,7,1,12/2/2008,NULL,Production Technician - WC30,11/2/1979,S,M,12/2/2008,0,25,32,4,EM,David,Johnson,Production,Manufacturing,12/2/2008,$6.50,1,Day,7:00:00 AM,3:00:00 PM,45,Kenmore,98028,166-555-0162,1,Cell
167,7,1,12/2/2008,NULL,Production Technician - WC30,11/2/1979,S,M,12/2/2008,0,25,32,4,EM,David,Johnson,Production,Manufacturing,12/1/2011,$7.25,1,Day,7:00:00 AM,3:00:00 PM,45,Kenmore,98028,166-555-0162,1,Cell
167,7,1,12/2/2008,NULL,Production Technician - WC30,11/2/1979,S,M,12/2/2008,0,25,32,4,EM,David,Johnson,Production,Manufacturing,7/14/2013,$9.50,1,Day,7:00:00 AM,3:00:00 PM,45,Kenmore,98028,166-555-0162,1,Cell
168,7,1,12/7/2008,NULL,Production Technician - WC30,8/25/1984,S,M,12/7/2008,0,34,37,4,EM,Garrett,Young,Production,Manufacturing,12/7/2008,$9.50,1,Day,7:00:00 AM,3:00:00 PM,59,Snohomish,98296,609-555-0179,3,Work
169,7,1,12/14/2008,NULL,Production Technician - WC30,4/2/1983,S,F,12/14/2008,0,31,35,4,EM,Susan,Metters,Production,Manufacturing,12/14/2008,$9.50,1,Day,7:00:00 AM,3:00:00 PM,193,Sammamish,98074,639-555-0164,1,Cell
170,7,1,12/21/2008,NULL,Production Technician - WC30,4/16/1977,M,M,12/21/2008,0,26,33,4,EM,George,Li,Production,Manufacturing,12/21/2008,$6.50,1,Day,7:00:00 AM,3:00:00 PM,89,Carnation,98014,518-555-0199,1,Cell
170,7,1,12/21/2008,NULL,Production Technician - WC30,4/16/1977,M,M,12/21/2008,0,26,33,4,EM,George,Li,Production,Manufacturing,12/1/2011,$7.25,1,Day,7:00:00 AM,3:00:00 PM,89,Carnation,98014,518-555-0199,1,Cell
170,7,1,12/21/2008,NULL,Production Technician - WC30,4/16/1977,M,M,12/21/2008,0,26,33,4,EM,George,Li,Production,Manufacturing,7/14/2013,$9.50,1,Day,7:00:00 AM,3:00:00 PM,89,Carnation,98014,518-555-0199,1,Cell
171,7,1,1/2/2009,NULL,Production Technician - WC30,8/3/1981,S,M,1/2/2009,0,32,36,4,EM,David,Yalovsky,Production,Manufacturing,1/2/2009,$9.50,1,Day,7:00:00 AM,3:00:00 PM,129,Seattle,98104,373-555-0142,3,Work
172,7,1,1/16/2009,NULL,Production Technician - WC30,10/24/1986,M,M,1/16/2009,0,22,31,4,EM,Marc,Ingle,Production,Manufacturing,1/16/2009,$6.50,1,Day,7:00:00 AM,3:00:00 PM,200,Sammamish,98074,234-555-0169,1,Cell
172,7,1,1/16/2009,NULL,Production Technician - WC30,10/24/1986,M,M,1/16/2009,0,22,31,4,EM,Marc,Ingle,Production,Manufacturing,12/1/2011,$7.25,1,Day,7:00:00 AM,3:00:00 PM,200,Sammamish,98074,234-555-0169,1,Cell
172,7,1,1/16/2009,NULL,Production Technician - WC30,10/24/1986,M,M,1/16/2009,0,22,31,4,EM,Marc,Ingle,Production,Manufacturing,7/14/2013,$9.50,1,Day,7:00:00 AM,3:00:00 PM,200,Sammamish,98074,234-555-0169,1,Cell
173,7,1,1/21/2009,NULL,Production Technician - WC30,7/15/1987,S,M,1/21/2009,0,33,36,4,EM,Eugene,Zabokritski,Production,Manufacturing,1/21/2009,$9.50,1,Day,7:00:00 AM,3:00:00 PM,205,Sammamish,98074,241-555-0191,1,Cell
174,7,1,1/27/2009,NULL,Production Technician - WC30,1/5/1986,S,M,1/27/2009,0,28,34,4,EM,Benjamin,Martin,Production,Manufacturing,1/27/2009,$6.75,1,Day,7:00:00 AM,3:00:00 PM,52,Snohomish,98296,533-555-0111,1,Cell
174,7,1,1/27/2009,NULL,Production Technician - WC30,1/5/1986,S,M,1/27/2009,0,28,34,4,EM,Benjamin,Martin,Production,Manufacturing,12/1/2011,$7.25,1,Day,7:00:00 AM,3:00:00 PM,52,Snohomish,98296,533-555-0111,1,Cell
174,7,1,1/27/2009,NULL,Production Technician - WC30,1/5/1986,S,M,1/27/2009,0,28,34,4,EM,Benjamin,Martin,Production,Manufacturing,7/14/2013,$9.50,1,Day,7:00:00 AM,3:00:00 PM,52,Snohomish,98296,533-555-0111,1,Cell
175,7,1,2/2/2009,NULL,Production Technician - WC30,1/8/1989,M,M,2/2/2009,0,23,31,4,EM,Reed,Koch,Production,Manufacturing,2/2/2009,$6.50,1,Day,7:00:00 AM,3:00:00 PM,223,Redmond,98052,678-555-0110,3,Work
175,7,1,2/2/2009,NULL,Production Technician - WC30,1/8/1989,M,M,2/2/2009,0,23,31,4,EM,Reed,Koch,Production,Manufacturing,12/1/2011,$7.25,1,Day,7:00:00 AM,3:00:00 PM,223,Redmond,98052,678-555-0110,3,Work
175,7,1,2/2/2009,NULL,Production Technician - WC30,1/8/1989,M,M,2/2/2009,0,23,31,4,EM,Reed,Koch,Production,Manufacturing,7/14/2013,$9.50,1,Day,7:00:00 AM,3:00:00 PM,223,Redmond,98052,678-555-0110,3,Work
176,7,1,2/14/2009,NULL,Production Technician - WC30,9/23/1985,M,M,2/14/2009,0,29,34,4,EM,David,Lawrence,Production,Manufacturing,2/14/2009,$6.50,1,Day,7:00:00 AM,3:00:00 PM,73,Monroe,98272,118-555-0177,3,Work
176,7,1,2/14/2009,NULL,Production Technician - WC30,9/23/1985,M,M,2/14/2009,0,29,34,4,EM,David,Lawrence,Production,Manufacturing,12/1/2011,$7.25,1,Day,7:00:00 AM,3:00:00 PM,73,Monroe,98272,118-555-0177,3,Work
176,7,1,2/14/2009,NULL,Production Technician - WC30,9/23/1985,M,M,2/14/2009,0,29,34,4,EM,David,Lawrence,Production,Manufacturing,7/14/2013,$9.50,1,Day,7:00:00 AM,3:00:00 PM,73,Monroe,98272,118-555-0177,3,Work
177,7,1,2/21/2009,NULL,Production Technician - WC30,2/11/1982,M,M,2/21/2009,0,24,32,4,EM,Russell,King,Production,Manufacturing,2/21/2009,$6.50,1,Day,7:00:00 AM,3:00:00 PM,163,Bellevue,98004,517-555-0122,3,Work
177,7,1,2/21/2009,NULL,Production Technician - WC30,2/11/1982,M,M,2/21/2009,0,24,32,4,EM,Russell,King,Production,Manufacturing,12/1/2011,$7.25,1,Day,7:00:00 AM,3:00:00 PM,163,Bellevue,98004,517-555-0122,3,Work
177,7,1,2/21/2009,NULL,Production Technician - WC30,2/11/1982,M,M,2/21/2009,0,24,32,4,EM,Russell,King,Production,Manufacturing,7/14/2013,$9.50,1,Day,7:00:00 AM,3:00:00 PM,163,Bellevue,98004,517-555-0122,3,Work
178,7,1,3/3/2009,NULL,Production Technician - WC30,3/24/1982,S,M,3/3/2009,0,27,33,4,EM,John,Frum,Production,Manufacturing,3/3/2009,$6.50,1,Day,7:00:00 AM,3:00:00 PM,244,Everett,98201,663-555-0172,1,Cell
178,7,1,3/3/2009,NULL,Production Technician - WC30,3/24/1982,S,M,3/3/2009,0,27,33,4,EM,John,Frum,Production,Manufacturing,12/1/2011,$7.00,1,Day,7:00:00 AM,3:00:00 PM,244,Everett,98201,663-555-0172,1,Cell
178,7,1,3/3/2009,NULL,Production Technician - WC30,3/24/1982,S,M,3/3/2009,0,27,33,4,EM,John,Frum,Production,Manufacturing,7/14/2013,$9.50,1,Day,7:00:00 AM,3:00:00 PM,244,Everett,98201,663-555-0172,1,Cell
179,7,1,3/5/2009,NULL,Production Technician - WC30,11/15/1974,S,M,3/5/2009,0,30,35,4,EM,Jan,Miksovsky,Production,Manufacturing,3/5/2009,$9.50,1,Day,7:00:00 AM,3:00:00 PM,239,Everett,98201,139-555-0131,3,Work
180,7,3,2/20/2009,NULL,Production Supervisor - WC20,11/18/1984,S,F,2/20/2009,0,42,41,3,EM,Katie,McAskill-White,Production,Manufacturing,2/20/2009,$25.00,2,Night,11:00:00 PM,7:00:00 AM,115,Seattle,98104,809-555-0133,3,Work
181,7,3,12/9/2008,NULL,Production Technician - WC20,11/17/1984,S,M,12/9/2008,0,20,30,4,EM,Michael,Hines,Production,Manufacturing,12/9/2008,$14.00,1,Night,11:00:00 PM,7:00:00 AM,70,Monroe,98272,218-555-0126,3,Work
182,7,3,12/28/2008,NULL,Production Technician - WC20,12/1/1986,S,M,12/28/2008,0,21,30,4,EM,Nitin,Mirchandani,Production,Manufacturing,12/28/2008,$14.00,1,Night,11:00:00 PM,7:00:00 AM,202,Sammamish,98074,143-555-0173,1,Cell
183,7,3,1/22/2009,NULL,Production Technician - WC20,7/2/1979,M,F,1/22/2009,0,17,28,4,EM,Barbara,Decker,Production,Manufacturing,1/22/2009,$14.00,1,Night,11:00:00 PM,7:00:00 AM,32521,Sammamish,98074,119-555-0192,1,Cell
184,7,3,2/9/2009,NULL,Production Technician - WC20,4/5/1986,M,M,2/9/2009,0,18,29,4,EM,John,Chen,Production,Manufacturing,2/9/2009,$14.00,1,Night,11:00:00 PM,7:00:00 AM,80,Duvall,98019,201-555-0163,1,Cell
185,7,3,2/28/2009,NULL,Production Technician - WC20,12/21/1975,S,M,2/28/2009,0,19,29,4,EM,Stefen,Hesse,Production,Manufacturing,2/28/2009,$14.00,1,Night,11:00:00 PM,7:00:00 AM,82,Duvall,98019,165-555-0113,1,Cell
186,7,2,2/8/2009,NULL,Production Supervisor - WC45,5/24/1990,S,M,2/8/2009,0,75,57,3,EM,Shane,Kim,Production,Manufacturing,2/8/2009,$25.00,2,Evening,3:00:00 PM,11:00:00 PM,165,Bellevue,98004,810-555-0178,1,Cell
187,7,2,12/9/2008,NULL,Production Technician - WC45,4/15/1989,M,F,12/9/2008,0,79,59,4,EM,Yvonne,McKay,Production,Manufacturing,12/9/2008,$10.00,1,Evening,3:00:00 PM,11:00:00 PM,241,Everett,98201,286-555-0189,3,Work
188,7,2,12/27/2008,NULL,Production Technician - WC45,11/24/1985,M,M,12/27/2008,0,80,60,4,EM,Douglas,Hite,Production,Manufacturing,12/27/2008,$10.00,1,Evening,3:00:00 PM,11:00:00 PM,86,Carnation,98014,808-555-0172,1,Cell
189,7,2,1/15/2009,NULL,Production Technician - WC45,7/24/1972,S,F,1/15/2009,0,81,60,4,EM,Janeth,Esteves,Production,Manufacturing,1/15/2009,$10.00,1,Evening,3:00:00 PM,11:00:00 PM,64,Monroe,98272,540-555-0191,3,Work
190,7,2,2/2/2009,NULL,Production Technician - WC45,2/28/1985,S,M,2/2/2009,0,82,61,4,EM,Robert,Rounthwaite,Production,Manufacturing,2/2/2009,$10.00,1,Evening,3:00:00 PM,11:00:00 PM,123,Seattle,98104,589-555-0147,1,Cell
191,7,2,2/26/2009,NULL,Production Technician - WC45,3/14/1988,S,M,2/26/2009,0,78,59,4,EM,Lionel,Penuchot,Production,Manufacturing,2/26/2009,$10.00,1,Evening,3:00:00 PM,11:00:00 PM,112,Seattle,98104,450-555-0152,1,Cell
192,7,1,3/5/2009,NULL,Production Supervisor - WC40,2/28/1983,M,F,3/5/2009,0,71,55,3,EM,Brenda,Diaz,Production,Manufacturing,3/5/2009,$25.00,2,Day,7:00:00 AM,3:00:00 PM,32510,Seattle,98104,142-555-0139,3,Work
193,7,1,12/6/2008,NULL,Production Technician - WC40,12/5/1988,S,M,12/6/2008,0,52,46,4,EM,Alejandro,McGuel,Production,Manufacturing,12/6/2008,$15.00,1,Day,7:00:00 AM,3:00:00 PM,127,Seattle,98104,668-555-0130,3,Work
194,7,1,12/12/2008,NULL,Production Technician - WC40,6/25/1989,S,M,12/12/2008,0,47,43,4,EM,Fred,Northup,Production,Manufacturing,12/12/2008,$15.00,1,Day,7:00:00 AM,3:00:00 PM,58,Snohomish,98296,818-555-0192,1,Cell
195,7,1,12/17/2008,NULL,Production Technician - WC40,12/25/1985,S,M,12/17/2008,0,58,49,4,EM,Kevin,Liu,Production,Manufacturing,12/17/2008,$15.00,1,Day,7:00:00 AM,3:00:00 PM,126,Seattle,98104,714-555-0138,3,Work
196,7,1,12/24/2008,NULL,Production Technician - WC40,10/4/1980,M,M,12/24/2008,0,53,46,4,EM,Shammi,Mohamed,Production,Manufacturing,12/24/2008,$15.00,1,Day,7:00:00 AM,3:00:00 PM,186,Bellevue,98004,793-555-0179,1,Cell
197,7,1,12/31/2008,NULL,Production Technician - WC40,10/4/1977,M,M,12/31/2008,0,48,44,4,EM,Rajesh,Patel,Production,Manufacturing,12/31/2008,$15.00,1,Day,7:00:00 AM,3:00:00 PM,154,Edmonds,98020,373-555-0137,1,Cell
198,7,1,1/4/2009,NULL,Production Technician - WC40,11/26/1988,M,F,1/4/2009,0,49,44,4,EM,Lorraine,Nay,Production,Manufacturing,1/4/2009,$15.00,1,Day,7:00:00 AM,3:00:00 PM,138,Edmonds,98020,845-555-0184,3,Work
199,7,1,1/12/2009,NULL,Production Technician - WC40,2/10/1987,M,F,1/12/2009,0,54,47,4,EM,Paula,Nartker,Production,Manufacturing,1/12/2009,$15.00,1,Day,7:00:00 AM,3:00:00 PM,106,Seattle,98104,476-555-0119,1,Cell
200,7,1,1/17/2009,NULL,Production Technician - WC40,9/6/1987,M,M,1/17/2009,0,56,48,4,EM,Frank,Lee,Production,Manufacturing,1/17/2009,$15.00,1,Day,7:00:00 AM,3:00:00 PM,116,Seattle,98104,158-555-0191,1,Cell
201,7,1,1/29/2009,NULL,Production Technician - WC40,2/10/1977,S,M,1/29/2009,0,55,47,4,EM,Brian,Lloyd,Production,Manufacturing,1/29/2009,$15.00,1,Day,7:00:00 AM,3:00:00 PM,57,Snohomish,98296,110-555-0182,1,Cell
202,7,1,2/5/2009,NULL,Production Technician - WC40,11/10/1989,S,M,2/5/2009,0,50,45,4,EM,Tawana,Nusbaum,Production,Manufacturing,2/5/2009,$15.00,1,Day,7:00:00 AM,3:00:00 PM,104,Seattle,98104,368-555-0113,3,Work
203,7,1,2/24/2009,NULL,Production Technician - WC40,5/28/1981,M,M,2/24/2009,0,51,45,4,EM,Ken,Myer,Production,Manufacturing,2/24/2009,$15.00,1,Day,7:00:00 AM,3:00:00 PM,242,Everett,98201,949-555-0174,3,Work
204,7,1,3/8/2009,NULL,Production Technician - WC40,5/10/1988,M,M,3/8/2009,0,57,48,4,EM,Gabe,Mares,Production,Manufacturing,3/8/2009,$15.00,1,Day,7:00:00 AM,3:00:00 PM,147,Edmonds,98020,310-555-0117,3,Work
205,7,3,2/26/2009,NULL,Production Supervisor - WC45,7/18/1980,S,F,2/26/2009,0,76,58,3,EM,Lori,Kane,Production,Manufacturing,2/26/2009,$25.00,2,Night,11:00:00 PM,7:00:00 AM,207,Redmond,98052,289-555-0196,1,Cell
206,7,3,12/2/2008,NULL,Production Technician - WC45,9/13/1962,S,M,12/2/2008,0,84,62,4,EM,Stuart,Munson,Production,Manufacturing,12/2/2008,$10.00,1,Night,11:00:00 PM,7:00:00 AM,169,Bellevue,98004,413-555-0136,1,Cell
207,7,3,12/2/2008,NULL,Production Technician - WC45,10/18/1970,S,M,12/2/2008,0,85,62,4,EM,Greg,Alderson,Production,Manufacturing,12/2/2008,$10.00,1,Night,11:00:00 PM,7:00:00 AM,156,Bellevue,98004,332-555-0150,3,Work
208,7,3,1/8/2009,NULL,Production Technician - WC45,2/10/1987,M,M,1/8/2009,0,86,63,4,EM,Scott,Gode,Production,Manufacturing,1/8/2009,$10.00,1,Night,11:00:00 PM,7:00:00 AM,107,Seattle,98104,391-555-0138,1,Cell
209,7,3,1/27/2009,NULL,Production Technician - WC45,11/1/1990,M,F,1/27/2009,0,87,63,4,EM,Kathie,Flood,Production,Manufacturing,1/27/2009,$10.00,1,Night,11:00:00 PM,7:00:00 AM,228,Everett,98201,446-555-0118,3,Work
210,7,3,2/20/2009,NULL,Production Technician - WC45,9/17/1969,S,F,2/20/2009,0,83,61,4,EM,Belinda,Newman,Production,Manufacturing,2/20/2009,$10.00,1,Night,11:00:00 PM,7:00:00 AM,6,Bothell,98011,319-555-0126,1,Cell
211,13,1,2/28/2009,NULL,Quality Assurance Manager,10/26/1977,S,M,2/28/2009,1,80,60,2,EM,Hazem,Abolrous,Quality Assurance,Quality Assurance,2/28/2009,$28.85,2,Day,7:00:00 AM,3:00:00 PM,32515,Kenmore,98028,869-555-0125,3,Work
212,13,1,12/9/2008,NULL,Quality Assurance Supervisor,3/18/1976,M,M,12/9/2008,1,81,60,3,EM,Peng,Wu,Quality Assurance,Quality Assurance,12/9/2008,$21.63,2,Day,7:00:00 AM,3:00:00 PM,10,Bothell,98011,164-555-0164,3,Work
213,13,3,2/23/2010,NULL,Quality Assurance Technician,12/5/1966,M,M,2/23/2010,0,85,62,4,EM,Sootha,Charncherngkha,Quality Assurance,Quality Assurance,2/23/2010,$10.58,2,Night,11:00:00 PM,7:00:00 AM,32511,Kenmore,98028,325-555-0137,3,Work
214,13,2,2/2/2009,NULL,Quality Assurance Technician,3/28/1989,M,M,2/2/2009,0,84,62,4,EM,Andreas,Berglund,Quality Assurance,Quality Assurance,2/2/2009,$10.58,2,Evening,3:00:00 PM,11:00:00 PM,292,Renton,98055,181-555-0124,1,Cell
215,13,1,1/15/2009,NULL,Quality Assurance Technician,4/30/1986,S,M,1/15/2009,0,83,61,4,EM,Mark,Harrington,Quality Assurance,Quality Assurance,1/15/2009,$10.58,2,Day,7:00:00 AM,3:00:00 PM,280,Issaquah,98027,147-555-0179,1,Cell
216,13,1,12/28/2008,NULL,Quality Assurance Technician,3/6/1976,S,M,12/28/2008,0,82,61,4,EM,Sean,Alexander,Quality Assurance,Quality Assurance,12/28/2008,$10.58,2,Day,7:00:00 AM,3:00:00 PM,281,Renton,98055,420-555-0173,1,Cell
217,12,1,1/4/2009,NULL,Document Control Manager,1/30/1976,M,M,1/4/2009,0,77,58,3,EM,Zainal,Arifin,Document Control,Quality Assurance,1/4/2009,$17.79,2,Day,7:00:00 AM,3:00:00 PM,277,Issaquah,98027,204-555-0115,1,Cell
218,12,3,12/16/2008,NULL,Control Specialist,4/28/1990,S,M,12/16/2008,0,76,58,4,EM,Tengiz,Kharatishvili,Document Control,Quality Assurance,12/16/2008,$16.83,2,Night,11:00:00 PM,7:00:00 AM,276,Issaquah,98027,910-555-0116,3,Work
219,12,1,1/22/2009,NULL,Document Control Assistant,3/12/1987,S,M,1/22/2009,0,78,59,4,EM,Sean,Chai,Document Control,Quality Assurance,1/22/2009,$10.25,2,Day,7:00:00 AM,3:00:00 PM,278,Issaquah,98027,205-555-0132,1,Cell
220,12,1,2/9/2009,NULL,Document Control Assistant,12/25/1975,M,F,2/9/2009,0,79,59,4,EM,Karen,Berge,Document Control,Quality Assurance,2/9/2009,$10.25,2,Day,7:00:00 AM,3:00:00 PM,265,Index,98256,746-555-0164,3,Work
221,12,2,3/6/2009,NULL,Control Specialist,5/26/1987,M,M,3/6/2009,0,75,57,4,EM,Chris,Norred,Document Control,Quality Assurance,3/6/2009,$16.83,2,Evening,3:00:00 PM,11:00:00 PM,275,Issaquah,98027,575-555-0126,1,Cell
222,8,1,12/12/2008,NULL,Master Scheduler,9/17/1968,S,M,12/12/2008,0,44,42,2,EM,A. Scott,Wright,Production Control,Manufacturing,12/12/2008,$23.56,2,Day,7:00:00 AM,3:00:00 PM,250,Newport Hills,98006,992-555-0194,1,Cell
223,8,1,1/26/2009,NULL,Scheduling Assistant,12/22/1987,M,M,1/26/2009,0,46,43,3,EM,Sairaj,Uddin,Production Control,Manufacturing,1/26/2009,$16.00,2,Day,7:00:00 AM,3:00:00 PM,32518,Redmond,98052,500-555-0159,1,Cell
224,7,1,1/7/2009,8/31/2011,Scheduling Assistant,11/6/1981,M,M,1/7/2009,0,45,42,3,EM,William,Vong,Production,Manufacturing,1/8/2008,$8.62,2,Day,7:00:00 AM,3:00:00 PM,188,Bellevue,98004,148-555-0145,1,Cell
224,7,1,1/7/2009,8/31/2011,Scheduling Assistant,11/6/1981,M,M,1/7/2009,0,45,42,3,EM,William,Vong,Production,Manufacturing,8/31/2011,$13.50,2,Day,7:00:00 AM,3:00:00 PM,188,Bellevue,98004,148-555-0145,1,Cell
224,7,1,1/7/2009,8/31/2011,Scheduling Assistant,11/6/1981,M,M,1/7/2009,0,45,42,3,EM,William,Vong,Production,Manufacturing,1/1/2012,$16.00,2,Day,7:00:00 AM,3:00:00 PM,188,Bellevue,98004,148-555-0145,1,Cell
224,8,1,9/1/2011,NULL,Scheduling Assistant,11/6/1981,M,M,1/7/2009,0,45,42,3,EM,William,Vong,Production Control,Manufacturing,1/8/2008,$8.62,2,Day,7:00:00 AM,3:00:00 PM,188,Bellevue,98004,148-555-0145,1,Cell
224,8,1,9/1/2011,NULL,Scheduling Assistant,11/6/1981,M,M,1/7/2009,0,45,42,3,EM,William,Vong,Production Control,Manufacturing,8/31/2011,$13.50,2,Day,7:00:00 AM,3:00:00 PM,188,Bellevue,98004,148-555-0145,1,Cell
224,8,1,9/1/2011,NULL,Scheduling Assistant,11/6/1981,M,M,1/7/2009,0,45,42,3,EM,William,Vong,Production Control,Manufacturing,1/1/2012,$16.00,2,Day,7:00:00 AM,3:00:00 PM,188,Bellevue,98004,148-555-0145,1,Cell
225,8,2,2/13/2009,NULL,Scheduling Assistant,3/29/1984,M,M,2/13/2009,0,47,43,3,EM,Alan,Brewer,Production Control,Manufacturing,2/13/2009,$16.00,2,Evening,3:00:00 PM,11:00:00 PM,50,Kenmore,98028,438-555-0172,3,Work
226,8,3,3/3/2009,NULL,Scheduling Assistant,8/11/1984,M,M,3/3/2009,0,48,44,3,EM,Brian,LaMee,Production Control,Manufacturing,3/3/2009,$16.00,2,Night,11:00:00 PM,7:00:00 AM,247,Everett,98201,313-555-0196,1,Cell
227,14,1,12/2/2009,NULL,Facilities Manager,2/18/1971,M,M,12/2/2009,1,86,63,2,EM,Gary,Altman,Facilities and Maintenance,Executive General and Administration,12/2/2009,$24.04,2,Day,7:00:00 AM,3:00:00 PM,285,Renton,98055,110-555-0112,1,Cell
228,14,1,12/14/2008,NULL,Maintenance Supervisor,1/18/1976,M,M,12/14/2008,1,92,66,3,EM,Christian,Kleinerman,Facilities and Maintenance,Executive General and Administration,12/14/2008,$20.43,2,Day,7:00:00 AM,3:00:00 PM,258,Gold Bar,98251,846-555-0157,1,Cell
229,14,3,2/16/2010,NULL,Janitor,7/31/1970,M,F,2/16/2010,0,90,65,4,EM,Lori,Penor,Facilities and Maintenance,Executive General and Administration,2/16/2010,$9.25,1,Night,11:00:00 PM,7:00:00 AM,263,Index,98256,295-555-0161,1,Cell
230,14,2,3/5/2010,NULL,Janitor,12/17/1971,M,M,3/5/2010,0,88,64,4,EM,Stuart,Macrae,Facilities and Maintenance,Executive General and Administration,3/5/2010,$9.25,1,Evening,3:00:00 PM,11:00:00 PM,289,Renton,98055,539-555-0149,3,Work
231,14,3,3/7/2010,NULL,Janitor,4/24/1954,M,F,3/7/2010,0,91,65,4,EM,Jo,Berry,Facilities and Maintenance,Executive General and Administration,3/7/2010,$9.25,1,Night,11:00:00 PM,7:00:00 AM,261,Index,98256,228-555-0159,1,Cell
232,14,2,1/27/2010,NULL,Janitor,12/3/1970,S,M,1/27/2010,0,89,64,4,EM,Pat,Coleman,Facilities and Maintenance,Executive General and Administration,1/27/2010,$9.25,1,Evening,3:00:00 PM,11:00:00 PM,257,Gold Bar,98251,720-555-0158,3,Work
233,14,1,12/21/2009,NULL,Facilities Administrative Assistant,8/27/1971,M,M,12/21/2009,0,87,63,3,EM,Magnus,Hedlund,Facilities and Maintenance,Executive General and Administration,12/21/2009,$9.75,2,Day,7:00:00 AM,3:00:00 PM,291,Renton,98055,583-555-0182,3,Work
234,10,1,1/31/2009,11/13/2013,Chief Financial Officer,1/6/1976,M,F,1/31/2009,1,0,20,1,EM,Laura,Norman,Finance,Executive General and Administration,1/31/2009,$39.06,2,Day,7:00:00 AM,3:00:00 PM,296,Renton,98055,615-555-0110,1,Cell
234,10,1,1/31/2009,11/13/2013,Chief Financial Officer,1/6/1976,M,F,1/31/2009,1,0,20,1,EM,Laura,Norman,Finance,Executive General and Administration,11/14/2011,$48.56,2,Day,7:00:00 AM,3:00:00 PM,296,Renton,98055,615-555-0110,1,Cell
234,10,1,1/31/2009,11/13/2013,Chief Financial Officer,1/6/1976,M,F,1/31/2009,1,0,20,1,EM,Laura,Norman,Finance,Executive General and Administration,1/29/2012,$60.10,2,Day,7:00:00 AM,3:00:00 PM,296,Renton,98055,615-555-0110,1,Cell
234,16,1,11/14/2013,NULL,Chief Financial Officer,1/6/1976,M,F,1/31/2009,1,0,20,1,EM,Laura,Norman,Executive,Executive General and Administration,1/31/2009,$39.06,2,Day,7:00:00 AM,3:00:00 PM,296,Renton,98055,615-555-0110,1,Cell
234,16,1,11/14/2013,NULL,Chief Financial Officer,1/6/1976,M,F,1/31/2009,1,0,20,1,EM,Laura,Norman,Executive,Executive General and Administration,11/14/2011,$48.56,2,Day,7:00:00 AM,3:00:00 PM,296,Renton,98055,615-555-0110,1,Cell
234,16,1,11/14/2013,NULL,Chief Financial Officer,1/6/1976,M,F,1/31/2009,1,0,20,1,EM,Laura,Norman,Executive,Executive General and Administration,1/29/2012,$60.10,2,Day,7:00:00 AM,3:00:00 PM,296,Renton,98055,615-555-0110,1,Cell
235,9,1,12/6/2008,NULL,Human Resources Manager,2/11/1976,M,F,12/6/2008,1,54,47,2,EM,Paula,Barreto de Mattos,Human Resources,Executive General and Administration,12/6/2008,$27.14,2,Day,7:00:00 AM,3:00:00 PM,178,Bellevue,98004,523-555-0175,1,Cell
236,9,1,2/25/2009,NULL,Human Resources Administrative Assistant,4/16/1976,S,M,2/25/2009,0,53,46,3,EM,Grant,Culbertson,Human Resources,Executive General and Administration,2/25/2009,$13.94,2,Day,7:00:00 AM,3:00:00 PM,259,Gold Bar,98251,955-555-0131,3,Work
237,9,1,2/6/2009,NULL,Human Resources Administrative Assistant,4/17/1977,S,M,2/6/2009,0,52,46,3,EM,Hao,Chen,Human Resources,Executive General and Administration,2/6/2009,$13.94,2,Day,7:00:00 AM,3:00:00 PM,266,Issaquah,98027,806-555-0136,3,Work
238,9,1,1/1/2009,NULL,Recruiter,8/1/1984,S,M,1/1/2009,0,50,45,3,EM,Vidur,Luthra,Human Resources,Executive General and Administration,1/1/2009,$18.27,2,Day,7:00:00 AM,3:00:00 PM,254,Newport Hills,98006,153-555-0186,3,Work
239,9,1,12/25/2008,NULL,Benefits Specialist,11/20/1984,M,F,12/25/2008,0,51,45,3,EM,Mindy,Martin,Human Resources,Executive General and Administration,12/25/2008,$16.59,2,Day,7:00:00 AM,3:00:00 PM,252,Newport Hills,98006,522-555-0147,3,Work
240,9,1,12/13/2008,NULL,Recruiter,7/18/1978,S,M,12/13/2008,0,49,44,3,EM,Willis,Johnson,Human Resources,Executive General and Administration,12/13/2008,$18.27,2,Day,7:00:00 AM,3:00:00 PM,235,Everett,98201,778-555-0141,3,Work
241,10,1,1/30/2009,NULL,Accounts Manager,7/8/1983,M,M,1/30/2009,1,57,48,2,EM,David,Liu,Finance,Executive General and Administration,1/30/2009,$34.74,2,Day,7:00:00 AM,3:00:00 PM,256,Gold Bar,98251,646-555-0185,3,Work
242,10,1,12/18/2008,NULL,Accounts Receivable Specialist,3/6/1976,M,F,12/18/2008,0,60,50,3,EM,Deborah,Poe,Finance,Executive General and Administration,12/18/2008,$19.00,2,Day,7:00:00 AM,3:00:00 PM,245,Everett,98201,602-555-0194,1,Cell
243,10,1,1/6/2009,NULL,Accounts Receivable Specialist,2/23/1976,S,F,1/6/2009,0,61,50,3,EM,Candy,Spoon,Finance,Executive General and Administration,1/6/2009,$19.00,2,Day,7:00:00 AM,3:00:00 PM,262,Index,98256,920-555-0177,1,Cell
244,10,1,1/24/2009,NULL,Accounts Receivable Specialist,9/20/1984,S,M,1/24/2009,0,62,51,3,EM,Bryan,Walton,Finance,Executive General and Administration,1/24/2009,$19.00,2,Day,7:00:00 AM,3:00:00 PM,253,Newport Hills,98006,935-555-0199,3,Work
245,10,1,2/18/2009,NULL,Accountant,1/4/1976,M,F,2/18/2009,1,58,49,3,EM,Barbara,Moreland,Finance,Executive General and Administration,2/18/2009,$26.44,2,Day,7:00:00 AM,3:00:00 PM,32519,Seattle,98104,822-555-0145,1,Cell
246,10,1,2/11/2009,NULL,Accounts Payable Specialist,2/14/1977,M,M,2/11/2009,0,63,51,3,EM,Dragan,Tomic,Finance,Executive General and Administration,2/11/2009,$19.00,2,Day,7:00:00 AM,3:00:00 PM,260,Gold Bar,98251,117-555-0185,3,Work
247,10,1,3/1/2009,NULL,Accounts Payable Specialist,3/9/1979,M,F,3/1/2009,0,64,52,3,EM,Janet,Sheperdigian,Finance,Executive General and Administration,3/1/2009,$19.00,2,Day,7:00:00 AM,3:00:00 PM,192,Sammamish,98074,393-555-0186,3,Work
248,10,1,3/8/2009,NULL,Accountant,7/1/1979,S,M,3/8/2009,1,59,49,3,EM,Mike,Seamans,Finance,Executive General and Administration,3/8/2009,$26.44,2,Day,7:00:00 AM,3:00:00 PM,264,Index,98256,927-555-0150,3,Work
249,10,1,12/25/2008,NULL,Finance Manager,10/11/1984,S,F,12/25/2008,1,55,47,2,EM,Wendy,Kahn,Finance,Executive General and Administration,12/25/2008,$43.27,2,Day,7:00:00 AM,3:00:00 PM,196,Sammamish,98074,248-555-0134,3,Work
250,4,1,2/25/2011,7/30/2011,Purchasing Manager,2/10/1978,S,F,2/25/2011,1,49,44,3,EM,Sheela,Word,Marketing,Sales and Marketing,2/21/2011,$9.86,2,Day,7:00:00 AM,3:00:00 PM,32509,Sammamish,98074,210-555-0193,3,Work
250,4,1,2/25/2011,7/30/2011,Purchasing Manager,2/10/1978,S,F,2/25/2011,1,49,44,3,EM,Sheela,Word,Marketing,Sales and Marketing,7/30/2011,$22.50,2,Day,7:00:00 AM,3:00:00 PM,32509,Sammamish,98074,210-555-0193,3,Work
250,4,1,2/25/2011,7/30/2011,Purchasing Manager,2/10/1978,S,F,2/25/2011,1,49,44,3,EM,Sheela,Word,Marketing,Sales and Marketing,7/14/2012,$30.00,2,Day,7:00:00 AM,3:00:00 PM,32509,Sammamish,98074,210-555-0193,3,Work
250,13,1,7/31/2011,7/14/2012,Purchasing Manager,2/10/1978,S,F,2/25/2011,1,49,44,3,EM,Sheela,Word,Quality Assurance,Quality Assurance,2/21/2011,$9.86,2,Day,7:00:00 AM,3:00:00 PM,32509,Sammamish,98074,210-555-0193,3,Work
250,13,1,7/31/2011,7/14/2012,Purchasing Manager,2/10/1978,S,F,2/25/2011,1,49,44,3,EM,Sheela,Word,Quality Assurance,Quality Assurance,7/30/2011,$22.50,2,Day,7:00:00 AM,3:00:00 PM,32509,Sammamish,98074,210-555-0193,3,Work
250,13,1,7/31/2011,7/14/2012,Purchasing Manager,2/10/1978,S,F,2/25/2011,1,49,44,3,EM,Sheela,Word,Quality Assurance,Quality Assurance,7/14/2012,$30.00,2,Day,7:00:00 AM,3:00:00 PM,32509,Sammamish,98074,210-555-0193,3,Work
250,5,1,7/15/2012,NULL,Purchasing Manager,2/10/1978,S,F,2/25/2011,1,49,44,3,EM,Sheela,Word,Purchasing,Inventory Management,2/21/2011,$9.86,2,Day,7:00:00 AM,3:00:00 PM,32509,Sammamish,98074,210-555-0193,3,Work
250,5,1,7/15/2012,NULL,Purchasing Manager,2/10/1978,S,F,2/25/2011,1,49,44,3,EM,Sheela,Word,Purchasing,Inventory Management,7/30/2011,$22.50,2,Day,7:00:00 AM,3:00:00 PM,32509,Sammamish,98074,210-555-0193,3,Work
250,5,1,7/15/2012,NULL,Purchasing Manager,2/10/1978,S,F,2/25/2011,1,49,44,3,EM,Sheela,Word,Purchasing,Inventory Management,7/14/2012,$30.00,2,Day,7:00:00 AM,3:00:00 PM,32509,Sammamish,98074,210-555-0193,3,Work
251,5,1,2/10/2009,NULL,Buyer,8/17/1984,S,M,2/10/2009,0,59,49,4,EM,Mikael,Sandberg,Purchasing,Inventory Management,2/10/2009,$18.27,2,Day,7:00:00 AM,3:00:00 PM,4,Bothell,98011,309-555-0170,3,Work
252,5,1,2/28/2009,NULL,Buyer,8/21/1974,M,M,2/28/2009,0,60,50,4,EM,Arvind,Rao,Purchasing,Inventory Management,2/28/2009,$18.27,2,Day,7:00:00 AM,3:00:00 PM,284,Renton,98055,848-555-0163,1,Cell
253,5,1,12/17/2009,NULL,Buyer,11/30/1970,M,F,12/17/2009,0,56,48,4,EM,Linda,Meisner,Purchasing,Inventory Management,12/17/2009,$18.27,2,Day,7:00:00 AM,3:00:00 PM,183,Bellevue,98004,916-555-0165,1,Cell
254,5,1,1/4/2010,NULL,Buyer,11/24/1970,M,M,1/4/2010,0,57,48,4,EM,Fukiko,Ogisu,Purchasing,Inventory Management,1/4/2010,$18.27,2,Day,7:00:00 AM,3:00:00 PM,176,Bellevue,98004,520-555-0177,3,Work
255,5,1,1/11/2010,NULL,Buyer,11/29/1966,M,M,1/11/2010,0,52,46,4,EM,Gordon,Hee,Purchasing,Inventory Management,1/11/2010,$18.27,2,Day,7:00:00 AM,3:00:00 PM,32508,Bellevue,98004,230-555-0144,1,Cell
256,5,1,1/23/2010,NULL,Buyer,5/12/1952,M,M,1/23/2010,0,58,49,4,EM,Frank,Pellow,Purchasing,Inventory Management,1/23/2010,$18.27,2,Day,7:00:00 AM,3:00:00 PM,282,Renton,98055,163-555-0147,1,Cell
257,5,1,1/27/2010,NULL,Buyer,9/17/1972,S,M,1/27/2010,0,54,47,4,EM,Eric,Kurjan,Purchasing,Inventory Management,1/27/2010,$18.27,2,Day,7:00:00 AM,3:00:00 PM,283,Renton,98055,265-555-0195,3,Work
258,5,1,1/31/2010,NULL,Buyer,1/4/1971,S,F,1/31/2010,0,53,46,4,EM,Erin,Hagens,Purchasing,Inventory Management,1/31/2010,$18.27,2,Day,7:00:00 AM,3:00:00 PM,180,Bellevue,98004,842-555-0158,3,Work
259,5,1,3/9/2010,NULL,Buyer,6/3/1973,M,M,3/9/2010,0,55,47,4,EM,Ben,Miller,Purchasing,Inventory Management,3/9/2010,$18.27,2,Day,7:00:00 AM,3:00:00 PM,215,Redmond,98052,151-555-0113,3,Work
260,5,1,12/6/2010,NULL,Purchasing Assistant,1/29/1978,M,F,12/6/2010,0,50,45,4,EM,Annette,Hill,Purchasing,Inventory Management,12/6/2010,$12.75,2,Day,7:00:00 AM,3:00:00 PM,211,Redmond,98052,125-555-0196,1,Cell
261,5,1,12/25/2010,NULL,Purchasing Assistant,1/17/1978,M,M,12/25/2010,0,51,45,4,EM,Reinout,Hillmann,Purchasing,Inventory Management,12/25/2010,$12.75,2,Day,7:00:00 AM,3:00:00 PM,173,Bellevue,98004,370-555-0163,3,Work
262,10,1,1/12/2009,NULL,Assistant to the Chief Financial Officer,6/21/1964,S,M,1/12/2009,0,56,48,2,EM,David,Barber,Finance,Executive General and Administration,1/12/2009,$13.46,2,Day,7:00:00 AM,3:00:00 PM,251,Newport Hills,98006,477-555-0132,3,Work
263,11,1,12/11/2008,NULL,Information Services Manager,12/13/1975,S,F,12/11/2008,1,65,52,1,EM,Jean,Trenary,Information Services,Executive General and Administration,12/11/2008,$50.48,2,Day,7:00:00 AM,3:00:00 PM,210,Redmond,98052,685-555-0120,3,Work
264,11,1,2/4/2009,NULL,Network Manager,3/25/1984,S,F,2/4/2009,1,68,54,2,EM,Stephanie,Conroy,Information Services,Executive General and Administration,2/4/2009,$39.66,2,Day,7:00:00 AM,3:00:00 PM,268,Issaquah,98027,594-555-0110,3,Work
265,11,2,12/4/2008,NULL,Network Administrator,3/27/1977,S,M,12/4/2008,0,70,55,3,EM,Ashvini,Sharma,Information Services,Executive General and Administration,12/4/2008,$32.45,2,Evening,3:00:00 PM,11:00:00 PM,270,Issaquah,98027,656-555-0119,3,Work
266,11,1,2/23/2009,NULL,Network Administrator,5/28/1980,S,M,2/23/2009,0,69,54,3,EM,Peter,Connelly,Information Services,Executive General and Administration,2/23/2009,$32.45,2,Day,7:00:00 AM,3:00:00 PM,269,Issaquah,98027,310-555-0133,3,Work
267,11,1,2/16/2009,NULL,Application Specialist,5/19/1978,S,F,2/16/2009,1,74,57,2,EM,Karen,Berg,Information Services,Executive General and Administration,2/16/2009,$27.40,2,Day,7:00:00 AM,3:00:00 PM,274,Issaquah,98027,654-555-0177,3,Work
268,11,1,2/3/2009,NULL,Application Specialist,3/13/1988,S,M,2/3/2009,1,73,56,2,EM,Ramesh,Meyyappan,Information Services,Executive General and Administration,2/3/2009,$27.40,2,Day,7:00:00 AM,3:00:00 PM,273,Issaquah,98027,182-555-0134,3,Work
269,11,1,1/11/2009,NULL,Application Specialist,5/26/1987,M,M,1/11/2009,1,72,56,2,EM,Dan,Bacon,Information Services,Executive General and Administration,1/11/2009,$27.40,2,Day,7:00:00 AM,3:00:00 PM,272,Issaquah,98027,166-555-0159,3,Work
270,11,1,1/17/2009,NULL,Database Administrator,5/17/1975,S,M,1/17/2009,1,67,53,2,EM,François,Ajenstat,Information Services,Executive General and Administration,1/17/2009,$38.46,2,Day,7:00:00 AM,3:00:00 PM,267,Issaquah,98027,785-555-0110,1,Cell
271,11,1,1/22/2009,NULL,Database Administrator,1/6/1976,M,M,1/22/2009,1,66,53,2,EM,Dan,Wilson,Information Services,Executive General and Administration,1/22/2009,$38.46,2,Day,7:00:00 AM,3:00:00 PM,32520,Bellevue,98004,653-555-0144,3,Work
272,11,1,12/23/2008,NULL,Application Specialist,1/30/1985,M,F,12/23/2008,1,71,55,2,EM,Janaina,Bueno,Information Services,Executive General and Administration,12/23/2008,$27.40,2,Day,7:00:00 AM,3:00:00 PM,271,Issaquah,98027,623-555-0155,3,Work
273,3,1,2/15/2011,NULL,Vice President of Sales,6/6/1977,S,M,2/15/2011,1,10,25,1,EM,Brian,Welcker,Sales,Sales and Marketing,2/15/2011,$72.12,2,Day,7:00:00 AM,3:00:00 PM,279,Issaquah,98027,716-555-0127,1,Cell
274,3,1,1/4/2011,NULL,North American Sales Manager,10/17/1951,M,M,1/4/2011,1,14,27,2,SP,Stephen,Jiang,Sales,Sales and Marketing,1/4/2011,$48.10,2,Day,7:00:00 AM,3:00:00 PM,216,Redmond,98052,238-555-0197,1,Cell
275,3,1,5/31/2011,NULL,Sales Representative,12/25/1968,S,M,5/31/2011,1,38,39,3,SP,Michael,Blythe,Sales,Sales and Marketing,5/31/2011,$23.08,2,Day,7:00:00 AM,3:00:00 PM,38,Detroit,48226,257-555-0154,1,Cell
276,3,1,5/31/2011,NULL,Sales Representative,2/27/1980,M,F,5/31/2011,1,27,33,3,SP,Linda,Mitchell,Sales,Sales and Marketing,5/31/2011,$23.08,2,Day,7:00:00 AM,3:00:00 PM,27,Nevada,84407,883-555-0116,3,Work
277,3,1,5/31/2011,NULL,Sales Representative,8/29/1962,S,F,5/31/2011,1,24,32,3,SP,Jillian,Carson,Sales,Sales and Marketing,5/31/2011,$23.08,2,Day,7:00:00 AM,3:00:00 PM,24,Duluth,55802,517-555-0117,3,Work
278,3,1,5/31/2011,NULL,Sales Representative,2/4/1975,M,M,5/31/2011,1,33,36,3,SP,Garrett,Vargas,Sales,Sales and Marketing,5/31/2011,$23.08,2,Day,7:00:00 AM,3:00:00 PM,33,Calgary,T2P 2G8,922-555-0165,3,Work
279,3,1,5/31/2011,NULL,Sales Representative,1/18/1974,M,M,5/31/2011,1,29,34,3,SP,Tsvi,Reiter,Sales,Sales and Marketing,5/31/2011,$23.08,2,Day,7:00:00 AM,3:00:00 PM,29,Memphis,38103,664-555-0112,3,Work
280,3,1,5/31/2011,NULL,Sales Representative,12/6/1974,S,F,5/31/2011,1,22,31,3,SP,Pamela,Ansman-Wolfe,Sales,Sales and Marketing,5/31/2011,$23.08,2,Day,7:00:00 AM,3:00:00 PM,22,Portland,97205,340-555-0193,1,Cell
281,3,1,5/31/2011,NULL,Sales Representative,3/9/1968,M,M,5/31/2011,1,26,33,3,SP,Shu,Ito,Sales,Sales and Marketing,5/31/2011,$23.08,2,Day,7:00:00 AM,3:00:00 PM,26,San Francisco,94109,330-555-0120,1,Cell
282,3,1,5/31/2011,NULL,Sales Representative,12/11/1963,M,M,5/31/2011,1,31,35,3,SP,José,Saraiva,Sales,Sales and Marketing,5/31/2011,$23.08,2,Day,7:00:00 AM,3:00:00 PM,31,Ottawa,K4B 1T7,185-555-0169,3,Work
283,3,1,5/31/2011,NULL,Sales Representative,2/11/1974,S,M,5/31/2011,1,23,31,3,SP,David,Campbell,Sales,Sales and Marketing,5/31/2011,$23.08,2,Day,7:00:00 AM,3:00:00 PM,32507,Bellevue,98004,740-555-0182,3,Work
284,3,1,9/30/2012,NULL,Sales Representative,1/5/1978,M,M,9/30/2012,1,39,39,3,SP,Tete,Mensa-Annan,Sales,Sales and Marketing,9/30/2012,$23.08,2,Day,7:00:00 AM,3:00:00 PM,39,Cambridge,2139,615-555-0153,3,Work
285,3,1,3/14/2013,NULL,Pacific Sales Manager,1/11/1975,M,M,3/14/2013,1,20,30,2,SP,Syed,Abbas,Sales,Sales and Marketing,3/14/2013,$48.10,2,Day,7:00:00 AM,3:00:00 PM,3,Bothell,98011,926-555-0182,3,Work
286,3,1,5/30/2013,NULL,Sales Representative,2/14/1977,S,F,5/30/2013,1,36,38,3,SP,Lynn,Tsoflias,Sales,Sales and Marketing,5/30/2013,$23.08,2,Day,7:00:00 AM,3:00:00 PM,36,Melbourne,3000,1 (11) 500 555-0190,1,Cell
287,3,1,4/16/2012,NULL,European Sales Manager,9/20/1957,M,F,4/16/2012,1,21,30,2,SP,Amy,Alberts,Sales,Sales and Marketing,4/16/2012,$48.10,2,Day,7:00:00 AM,3:00:00 PM,300,Renton,98055,775-555-0164,3,Work
288,3,1,5/30/2013,NULL,Sales Representative,7/9/1975,S,F,5/30/2013,1,35,37,3,SP,Rachel,Valdez,Sales,Sales and Marketing,5/30/2013,$23.08,2,Day,7:00:00 AM,3:00:00 PM,35,Berlin,14111,1 (11) 500 555-0140,1,Cell
289,3,1,5/30/2012,NULL,Sales Representative,3/17/1968,M,F,5/30/2012,1,37,38,3,SP,Jae,Pak,Sales,Sales and Marketing,5/30/2012,$23.08,2,Day,7:00:00 AM,3:00:00 PM,37,Cambridge,BA5 3HX,1 (11) 500 555-0145,3,Work
290,3,1,5/30/2012,NULL,Sales Representative,9/30/1975,S,M,5/30/2012,1,34,37,3,SP,Ranjit,Varkey Chudukatil,Sales,Sales and Marketing,5/30/2012,$23.08,2,Day,7:00:00 AM,3:00:00 PM,34,Bordeaux,33000,1 (11) 500 555-0117,1,Cell
